Municípios,Gentílico,Salário médio mensal dos trabalhadores formais,Índice de Desenvolvimento Humano Municipal (IDHM),PIB per capita,Área da unidade territorial,População no último censo,Densidade demográfica
Adamantina,paulista,"2,2 salários mínimos","0,79","38997,12 R$","411,987 km²",34687 pessoas,"84,19 habitante por quilômetro quadrado"
Adolfo,paulista,"1,8 salários mínimos","0,73","32578,28 R$","211,055 km²",4351 pessoas,"20,62 habitante por quilômetro quadrado"
Aguaí,paulista,"2,3 salários mínimos","0,715","35551,7 R$","474,554 km²",32072 pessoas,"67,58 habitante por quilômetro quadrado"
Águas da Prata,paulista,"2,2 salários mínimos","0,781","25297,02 R$","142,673 km²",7369 pessoas,"51,65 habitante por quilômetro quadrado"
Águas de Lindóia,paulista,"1,9 salários mínimos","0,745","30971,23 R$","60,126 km²",17930 pessoas,"298,21 habitante por quilômetro quadrado"
Águas de Santa Bárbara,paulista,"2,1 salários mínimos","0,757","35378,64 R$","404,463 km²",7177 pessoas,"17,74 habitante por quilômetro quadrado"
Águas de São Pedro,paulista,"2,3 salários mínimos","0,854","41208,23 R$","3,612 km²",2780 pessoas,"769,66 habitante por quilômetro quadrado"
Agudos,paulista,"2,4 salários mínimos","0,745","70209,74 R$","966,708 km²",37680 pessoas,"38,98 habitante por quilômetro quadrado"
Alambari,paulista,"1,8 salários mínimos","0,712","20765,46 R$","159,600 km²",6141 pessoas,"38,48 habitante por quilômetro quadrado"
Alfredo Marcondes,paulista,2 salários mínimos,"0,741","28649,11 R$","118,915 km²",4445 pessoas,"37,38 habitante por quilômetro quadrado"
Altair,paulista,"2,4 salários mínimos","0,687","26662,17 R$","313,007 km²",3451 pessoas,"11,03 habitante por quilômetro quadrado"
Altinópolis,paulista,2 salários mínimos,"0,73","51377,61 R$","928,956 km²",16818 pessoas,"18,10 habitante por quilômetro quadrado"
Alto Alegre,paulista,"2,2 salários mínimos","0,7","27853,08 R$","318,574 km²",3841 pessoas,"12,06 habitante por quilômetro quadrado"
Alumínio,paulista,"3,6 salários mínimos","0,766","210670,96 R$","83,619 km²",17301 pessoas,"206,90 habitante por quilômetro quadrado"
Álvares Florence,paulista,"2,1 salários mínimos","0,728","34389,1 R$","362,411 km²",3915 pessoas,"10,80 habitante por quilômetro quadrado"
Álvares Machado,paulista,"2,5 salários mínimos","0,758","28306,72 R$","347,647 km²",27255 pessoas,"78,40 habitante por quilômetro quadrado"
Álvaro de Carvalho,paulista,"2,1 salários mínimos","0,688","11012,49 R$","153,662 km²",4808 pessoas,"31,29 habitante por quilômetro quadrado"
Alvinlândia,paulista,"2,2 salários mínimos","0,722","17965,24 R$","84,879 km²",2885 pessoas,"33,99 habitante por quilômetro quadrado"
Americana,paulista,"2,7 salários mínimos","0,811","62271,47 R$","133,912 km²",237240 pessoas,"1771,61 habitante por quilômetro quadrado"
Américo Brasiliense,paulista,"2,2 salários mínimos","0,751","29617,13 R$","122,958 km²",33019 pessoas,"268,54 habitante por quilômetro quadrado"
Américo de Campos,paulista,2 salários mínimos,"0,745","21158,4 R$","252,876 km²",5870 pessoas,"23,21 habitante por quilômetro quadrado"
Amparo,paulista,"2,7 salários mínimos","0,785","70437,56 R$","445,323 km²",68008 pessoas,"152,72 habitante por quilômetro quadrado"
Analândia,paulista,"1,9 salários mínimos","0,754","40726,1 R$","325,953 km²",4589 pessoas,"14,08 habitante por quilômetro quadrado"
Andradina,paulista,"2,1 salários mínimos","0,779","49703,65 R$","964,226 km²",59783 pessoas,"62,00 habitante por quilômetro quadrado"
Angatuba,paulista,"2,6 salários mínimos","0,719","57306,48 R$","1027,288 km²",24022 pessoas,"23,38 habitante por quilômetro quadrado"
Anhembi,paulista,"2,1 salários mínimos","0,721","24534,54 R$","736,557 km²",5674 pessoas,"7,70 habitante por quilômetro quadrado"
Anhumas,paulista,2 salários mínimos,"0,741","25316,58 R$","320,840 km²",4023 pessoas,"12,54 habitante por quilômetro quadrado"
Aparecida,paulista,"1,9 salários mínimos","0,755","28750,03 R$","120,890 km²",32569 pessoas,"269,41 habitante por quilômetro quadrado"
Aparecida d'Oeste,paulista,2 salários mínimos,"0,721","36763,62 R$","179,004 km²",4086 pessoas,"22,83 habitante por quilômetro quadrado"
Apiaí,paulista,"1,9 salários mínimos","0,71","37278,88 R$","974,322 km²",24585 pessoas,"25,23 habitante por quilômetro quadrado"
Araçariguama,paulista,"2,8 salários mínimos","0,704","206250,44 R$","145,204 km²",21522 pessoas,"148,22 habitante por quilômetro quadrado"
Araçatuba,paulista,"2,4 salários mínimos","0,788","45268,6 R$","1167,126 km²",200124 pessoas,"171,47 habitante por quilômetro quadrado"
Araçoiaba da Serra,paulista,"2,4 salários mínimos","0,776","34075,1 R$","255,305 km²",32443 pessoas,"127,08 habitante por quilômetro quadrado"
Aramina,paulista,"1,8 salários mínimos","0,74","26415,31 R$","202,829 km²",5420 pessoas,"26,72 habitante por quilômetro quadrado"
Arandu,paulista,"1,8 salários mínimos","0,685","30569,27 R$","285,908 km²",6885 pessoas,"24,08 habitante por quilômetro quadrado"
Arapeí,paulista,"1,9 salários mínimos","0,68","18584,03 R$","156,903 km²",2330 pessoas,"14,85 habitante por quilômetro quadrado"
Araraquara,paulista,"2,7 salários mínimos","0,815","49692,93 R$","1003,625 km²",242228 pessoas,"241,35 habitante por quilômetro quadrado"
Araras,paulista,"2,7 salários mínimos","0,781","50772,4 R$","644,831 km²",130866 pessoas,"202,95 habitante por quilômetro quadrado"
Arco-Íris,paulista,2 salários mínimos,"0,722","35382,28 R$","264,904 km²",2044 pessoas,"7,72 habitante por quilômetro quadrado"
Arealva,paulista,"1,8 salários mínimos","0,744","26206,9 R$","506,226 km²",8130 pessoas,"16,06 habitante por quilômetro quadrado"
Areias,paulista,"1,7 salários mínimos","0,697","14877,99 R$","305,227 km²",3577 pessoas,"11,72 habitante por quilômetro quadrado"
Areiópolis,paulista,"1,9 salários mínimos","0,695","14577,19 R$","85,907 km²",10130 pessoas,"117,92 habitante por quilômetro quadrado"
Ariranha,paulista,3 salários mínimos,"0,733","115410,74 R$","132,624 km²",7602 pessoas,"57,32 habitante por quilômetro quadrado"
Artur Nogueira,paulista,"2,4 salários mínimos","0,749","30610,29 R$","178,026 km²",51456 pessoas,"289,04 habitante por quilômetro quadrado"
Arujá,paulista,"2,8 salários mínimos","0,784","89703,63 R$","96,167 km²",86678 pessoas,"901,33 habitante por quilômetro quadrado"
Aspásia,paulista,"2,2 salários mínimos","0,735","21788,35 R$","69,373 km²",1842 pessoas,"26,55 habitante por quilômetro quadrado"
Assis,paulista,"2,4 salários mínimos","0,805","38598,78 R$","460,609 km²",101409 pessoas,"220,16 habitante por quilômetro quadrado"
Atibaia,paulista,"2,6 salários mínimos","0,765","57512,36 R$","478,521 km²",158647 pessoas,"331,54 habitante por quilômetro quadrado"
Auriflama,paulista,"1,8 salários mínimos","0,773","23409,76 R$","434,498 km²",13692 pessoas,"31,51 habitante por quilômetro quadrado"
Avaí,paulista,2 salários mínimos,"0,714","68793,46 R$","540,689 km²",4483 pessoas,"8,29 habitante por quilômetro quadrado"
Avanhandava,paulista,"2,2 salários mínimos","0,705","14178,27 R$","338,370 km²",11263 pessoas,"33,29 habitante por quilômetro quadrado"
Avaré,paulista,"2,2 salários mínimos","0,767","35721,22 R$","1213,055 km²",92805 pessoas,"76,51 habitante por quilômetro quadrado"
Bady Bassitt,paulista,"2,2 salários mínimos","0,746","30636,12 R$","110,372 km²",27260 pessoas,"246,98 habitante por quilômetro quadrado"
Balbinos,paulista,"1,9 salários mínimos","0,669","10674,14 R$","91,635 km²",3887 pessoas,"42,42 habitante por quilômetro quadrado"
Bálsamo,paulista,"1,8 salários mínimos","0,756","30257,55 R$","149,881 km²",9596 pessoas,"64,02 habitante por quilômetro quadrado"
Bananal,paulista,"1,8 salários mínimos","0,733","19568,66 R$","616,429 km²",9969 pessoas,"16,17 habitante por quilômetro quadrado"
Barão de Antonina,paulista,"1,5 salários mínimos","0,711","21264,23 R$","153,142 km²",3531 pessoas,"23,06 habitante por quilômetro quadrado"
Barbosa,paulista,"1,9 salários mínimos","0,699","14488,16 R$","205,212 km²",5640 pessoas,"27,48 habitante por quilômetro quadrado"
Bariri,paulista,"2,2 salários mínimos","0,75","45290,86 R$","444,405 km²",31595 pessoas,"71,10 habitante por quilômetro quadrado"
Barra Bonita,paulista,"2,4 salários mínimos","0,788","41955,79 R$","150,121 km²",34346 pessoas,"228,79 habitante por quilômetro quadrado"
Barra do Chapéu,paulista,"1,7 salários mínimos","0,66","23082,16 R$","405,681 km²",5179 pessoas,"12,77 habitante por quilômetro quadrado"
Barra do Turvo,paulista,"1,8 salários mínimos","0,641","16542,32 R$","1007,684 km²",6876 pessoas,"6,82 habitante por quilômetro quadrado"
Barretos,paulista,"2,4 salários mínimos","0,789","47783,95 R$","1566,161 km²",122485 pessoas,"78,21 habitante por quilômetro quadrado"
Barrinha,paulista,2 salários mínimos,"0,725","18630,66 R$","146,025 km²",32092 pessoas,"219,77 habitante por quilômetro quadrado"
Barueri,paulista,"4,1 salários mínimos","0,786","207460,98 R$","65,701 km²",316473 pessoas,"4816,87 habitante por quilômetro quadrado"
Bastos,paulista,"2,1 salários mínimos","0,751","50936,28 R$","170,912 km²",21503 pessoas,"125,81 habitante por quilômetro quadrado"
Batatais,paulista,"2,5 salários mínimos","0,761","38097,08 R$","849,526 km²",58402 pessoas,"68,75 habitante por quilômetro quadrado"
Bauru,paulista,"2,6 salários mínimos","0,801","43806,93 R$","667,684 km²",379146 pessoas,"567,85 habitante por quilômetro quadrado"
Bebedouro,paulista,"2,4 salários mínimos","0,78","52575,43 R$","683,192 km²",76373 pessoas,"111,79 habitante por quilômetro quadrado"
Bento de Abreu,paulista,"2,6 salários mínimos","0,744","69504,55 R$","301,687 km²",2606 pessoas,"8,64 habitante por quilômetro quadrado"
Bernardino de Campos,paulista,"2,1 salários mínimos","0,734","33842,25 R$","244,158 km²",11607 pessoas,"47,54 habitante por quilômetro quadrado"
Bertioga,paulista,"2,8 salários mínimos","0,73","31255,51 R$","491,546 km²",64188 pessoas,"130,58 habitante por quilômetro quadrado"
Bilac,paulista,"2,1 salários mínimos","0,768","35693,15 R$","158,025 km²",7319 pessoas,"46,32 habitante por quilômetro quadrado"
Birigui,paulista,2 salários mínimos,"0,78","31305,12 R$","530,031 km²",118979 pessoas,"224,48 habitante por quilômetro quadrado"
Biritiba Mirim,paulista,2 salários mínimos,"0,712","29190,32 R$","317,406 km²",29683 pessoas,"93,52 habitante por quilômetro quadrado"
Boa Esperança do Sul,paulista,"1,8 salários mínimos","0,681","25197,09 R$","690,748 km²",12978 pessoas,"18,79 habitante por quilômetro quadrado"
Bocaina,paulista,"2,4 salários mínimos","0,742","22429,71 R$","363,926 km²",11259 pessoas,"30,94 habitante por quilômetro quadrado"
Bofete,paulista,"2,9 salários mínimos","0,705","17546,39 R$","653,541 km²",10460 pessoas,"16,01 habitante por quilômetro quadrado"
Boituva,paulista,"2,9 salários mínimos","0,78","53597,04 R$","248,954 km²",61081 pessoas,"245,35 habitante por quilômetro quadrado"
Bom Jesus dos Perdões,paulista,"2,3 salários mínimos","0,713","55196,42 R$","108,366 km²",22006 pessoas,"203,07 habitante por quilômetro quadrado"
Bom Sucesso de Itararé,paulista,"1,9 salários mínimos","0,66","15912,41 R$","133,578 km²",3555 pessoas,"26,61 habitante por quilômetro quadrado"
Borá,paulista,"2,3 salários mínimos","0,746","88432,72 R$","118,951 km²",907 pessoas,"7,62 habitante por quilômetro quadrado"
Boracéia,paulista,"2,3 salários mínimos","0,754","105669,34 R$","122,110 km²",4715 pessoas,"38,61 habitante por quilômetro quadrado"
Borborema,paulista,"1,9 salários mínimos","0,73","31833,29 R$","552,256 km²",14226 pessoas,"25,76 habitante por quilômetro quadrado"
Borebi,paulista,2 salários mínimos,"0,705","27255,19 R$","347,989 km²",2713 pessoas,"7,80 habitante por quilômetro quadrado"
Botucatu,paulista,"2,8 salários mínimos","0,8","39937,48 R$","1482,642 km²",145155 pessoas,"97,90 habitante por quilômetro quadrado"
Bragança Paulista,paulista,"2,6 salários mínimos","0,776","46153,09 R$","512,584 km²",176811 pessoas,"344,94 habitante por quilômetro quadrado"
Braúna,paulista,"2,1 salários mínimos","0,737","20826,02 R$","195,176 km²",5356 pessoas,"27,44 habitante por quilômetro quadrado"
Brejo Alegre,paulista,2 salários mínimos,"0,71","25996,26 R$","105,689 km²",2565 pessoas,"24,27 habitante por quilômetro quadrado"
Brodowski,paulista,"2,2 salários mínimos","0,755","34947,5 R$","278,458 km²",25201 pessoas,"90,50 habitante por quilômetro quadrado"
Brotas,paulista,"2,6 salários mínimos","0,74","45209,02 R$","1101,373 km²",23898 pessoas,"21,70 habitante por quilômetro quadrado"
Buri,paulista,"1,7 salários mínimos","0,667","34121,21 R$","1196,463 km²",20250 pessoas,"16,92 habitante por quilômetro quadrado"
Buritama,paulista,"2,3 salários mínimos","0,763","36037,97 R$","326,921 km²",17210 pessoas,"52,64 habitante por quilômetro quadrado"
Buritizal,paulista,"3,5 salários mínimos","0,735","53769,11 R$","266,420 km²",4356 pessoas,"16,35 habitante por quilômetro quadrado"
Cabrália Paulista,paulista,"1,9 salários mínimos","0,694","24368,03 R$","239,974 km²",4299 pessoas,"17,91 habitante por quilômetro quadrado"
Cabreúva,paulista,3 salários mínimos,"0,738","116591,7 R$","260,234 km²",47011 pessoas,"180,65 habitante por quilômetro quadrado"
Caçapava,paulista,"3,1 salários mínimos","0,788","54458,95 R$","368,990 km²",96202 pessoas,"260,72 habitante por quilômetro quadrado"
Cachoeira Paulista,paulista,"2,2 salários mínimos","0,764","19914,05 R$","287,990 km²",31564 pessoas,"109,60 habitante por quilômetro quadrado"
Caconde,paulista,"1,9 salários mínimos","0,72","30182,07 R$","468,214 km²",17101 pessoas,"36,52 habitante por quilômetro quadrado"
Cafelândia,paulista,2 salários mínimos,"0,742","38094,8 R$","920,280 km²",16654 pessoas,"18,10 habitante por quilômetro quadrado"
Caiabu,paulista,"1,9 salários mínimos","0,729","16640,38 R$","253,352 km²",3712 pessoas,"14,65 habitante por quilômetro quadrado"
Caieiras,paulista,"2,8 salários mínimos","0,781","46700,03 R$","97,642 km²",95032 pessoas,"973,27 habitante por quilômetro quadrado"
Caiuá,paulista,"2,1 salários mínimos","0,697","15997,16 R$","551,159 km²",5466 pessoas,"9,92 habitante por quilômetro quadrado"
Cajamar,paulista,3 salários mínimos,"0,728","287384,67 R$","131,386 km²",92689 pessoas,"705,47 habitante por quilômetro quadrado"
Cajati,paulista,"2,5 salários mínimos","0,694","61714,65 R$","454,436 km²",28515 pessoas,"62,75 habitante por quilômetro quadrado"
Cajobi,paulista,2 salários mínimos,"0,734","16049,99 R$","176,929 km²",9133 pessoas,"51,62 habitante por quilômetro quadrado"
Cajuru,paulista,2 salários mínimos,"0,713","28623,2 R$","660,088 km²",23830 pessoas,"36,10 habitante por quilômetro quadrado"
Campina do Monte Alegre,paulista,"2,3 salários mínimos","0,717","24817,17 R$","184,479 km²",5954 pessoas,"32,27 habitante por quilômetro quadrado"
Campinas,paulista,"3,8 salários mínimos","0,805","59634,21 R$","794,571 km²",1139047 pessoas,"1433,54 habitante por quilômetro quadrado"
Campo Limpo Paulista,paulista,"3,1 salários mínimos","0,769","29291,03 R$","79,403 km²",77632 pessoas,"977,70 habitante por quilômetro quadrado"
Campos do Jordão,paulista,"1,9 salários mínimos","0,749","27503,81 R$","289,981 km²",46974 pessoas,"161,99 habitante por quilômetro quadrado"
Campos Novos Paulista,paulista,"2,1 salários mínimos","0,706","38724,17 R$","484,199 km²",4888 pessoas,"10,10 habitante por quilômetro quadrado"
Cananéia,paulista,"2,3 salários mínimos","0,72",21082 R$,"1237,354 km²",12289 pessoas,"9,93 habitante por quilômetro quadrado"
Canas,paulista,"1,9 salários mínimos","0,704","24688,77 R$","53,261 km²",4931 pessoas,"92,58 habitante por quilômetro quadrado"
Cândido Mota,paulista,"2,9 salários mínimos","0,747","48339,61 R$","595,811 km²",29449 pessoas,"49,43 habitante por quilômetro quadrado"
Cândido Rodrigues,paulista,"2,1 salários mínimos","0,789","38184,58 R$","70,892 km²",2889 pessoas,"40,75 habitante por quilômetro quadrado"
Canitar,paulista,2 salários mínimos,"0,68","30627,93 R$","57,459 km²",6283 pessoas,"109,35 habitante por quilômetro quadrado"
Capão Bonito,paulista,"1,9 salários mínimos","0,721","26945,89 R$","1640,229 km²",46337 pessoas,"28,25 habitante por quilômetro quadrado"
Capela do Alto,paulista,"1,8 salários mínimos","0,699","18457,62 R$","169,890 km²",22866 pessoas,"134,59 habitante por quilômetro quadrado"
Capivari,paulista,"2,6 salários mínimos","0,75","52495,21 R$","322,878 km²",50068 pessoas,"155,07 habitante por quilômetro quadrado"
Caraguatatuba,paulista,"2,5 salários mínimos","0,759","36201,7 R$","484,947 km²",134873 pessoas,"278,12 habitante por quilômetro quadrado"
Carapicuíba,paulista,"2,2 salários mínimos","0,749","16909,54 R$","34,546 km²",386984 pessoas,"11201,99 habitante por quilômetro quadrado"
Cardoso,paulista,"2,5 salários mínimos","0,722","25957,47 R$","639,248 km²",11345 pessoas,"17,75 habitante por quilômetro quadrado"
Casa Branca,paulista,"2,3 salários mínimos","0,73","38464,9 R$","864,225 km²",28083 pessoas,"32,50 habitante por quilômetro quadrado"
Cássia dos Coqueiros,paulista,"1,7 salários mínimos","0,734","117809,94 R$","191,683 km²",2799 pessoas,"14,60 habitante por quilômetro quadrado"
Castilho,paulista,"2,7 salários mínimos","0,731","64508,48 R$","1065,318 km²",19977 pessoas,"18,75 habitante por quilômetro quadrado"
Catanduva,paulista,"2,5 salários mínimos","0,785","42386,42 R$","290,596 km²",115791 pessoas,"398,46 habitante por quilômetro quadrado"
Catiguá,paulista,"2,2 salários mínimos","0,751","19342,42 R$","148,393 km²",7003 pessoas,"47,19 habitante por quilômetro quadrado"
Cedral,paulista,"2,4 salários mínimos","0,766","56401,2 R$","197,838 km²",12618 pessoas,"63,78 habitante por quilômetro quadrado"
Cerqueira César,paulista,"2,6 salários mínimos","0,729","46928,25 R$","511,621 km²",21469 pessoas,"41,96 habitante por quilômetro quadrado"
Cerquilho,paulista,"2,2 salários mínimos","0,782","46293,89 R$","127,803 km²",44695 pessoas,"349,72 habitante por quilômetro quadrado"
Cesário Lange,paulista,"2,1 salários mínimos","0,706","39826,25 R$","190,392 km²",19048 pessoas,"100,05 habitante por quilômetro quadrado"
Charqueada,paulista,"2,2 salários mínimos","0,736","29370,12 R$","175,846 km²",15535 pessoas,"88,34 habitante por quilômetro quadrado"
Chavantes,paulista,"2,8 salários mínimos","0,729","21448,28 R$","188,727 km²",12211 pessoas,"64,70 habitante por quilômetro quadrado"
Clementina,paulista,"3,3 salários mínimos","0,725","20959,14 R$","168,590 km²",6982 pessoas,"41,41 habitante por quilômetro quadrado"
Colina,paulista,"2,2 salários mínimos","0,757","82881,19 R$","422,303 km²",18486 pessoas,"43,77 habitante por quilômetro quadrado"
Colômbia,paulista,"2,2 salários mínimos","0,71","59974,07 R$","728,648 km²",6629 pessoas,"9,10 habitante por quilômetro quadrado"
Conchal,paulista,"2,1 salários mínimos","0,708","30159,5 R$","182,793 km²",28101 pessoas,"153,73 habitante por quilômetro quadrado"
Conchas,paulista,"1,9 salários mínimos","0,736","23872,16 R$","466,120 km²",15232 pessoas,"32,68 habitante por quilômetro quadrado"
Cordeirópolis,paulista,"3,2 salários mínimos","0,758","163554,17 R$","137,579 km²",24514 pessoas,"178,18 habitante por quilômetro quadrado"
Coroados,paulista,2 salários mínimos,"0,719","35303,73 R$","246,825 km²",5400 pessoas,"21,88 habitante por quilômetro quadrado"
Coronel Macedo,paulista,"1,7 salários mínimos","0,69","30746,6 R$","303,830 km²",4280 pessoas,"14,09 habitante por quilômetro quadrado"
Corumbataí,paulista,"2,9 salários mínimos","0,754","84731,24 R$","278,622 km²",4195 pessoas,"15,06 habitante por quilômetro quadrado"
Cosmópolis,paulista,"2,9 salários mínimos","0,769","28255,87 R$","154,665 km²",59773 pessoas,"386,47 habitante por quilômetro quadrado"
Cosmorama,paulista,"2,3 salários mínimos","0,722","69530,67 R$","441,680 km²",8719 pessoas,"19,74 habitante por quilômetro quadrado"
Cotia,paulista,"3,2 salários mínimos","0,78","62486,58 R$","323,994 km²",274413 pessoas,"846,97 habitante por quilômetro quadrado"
Cravinhos,paulista,"3,3 salários mínimos","0,756","48891,09 R$","311,423 km²",33281 pessoas,"106,87 habitante por quilômetro quadrado"
Cristais Paulista,paulista,2 salários mínimos,"0,734","39369,07 R$","385,230 km²",9272 pessoas,"24,07 habitante por quilômetro quadrado"
Cruzália,paulista,"2,4 salários mínimos","0,774","68116,76 R$","149,330 km²",2108 pessoas,"14,12 habitante por quilômetro quadrado"
Cruzeiro,paulista,3 salários mínimos,"0,788","38390,41 R$","305,699 km²",74961 pessoas,"245,21 habitante por quilômetro quadrado"
Cubatão,paulista,"4,2 salários mínimos","0,737","165607,5 R$","142,879 km²",112476 pessoas,"787,21 habitante por quilômetro quadrado"
Cunha,paulista,2 salários mínimos,"0,684","15269,84 R$","1407,250 km²",22110 pessoas,"15,71 habitante por quilômetro quadrado"
Descalvado,paulista,"2,5 salários mínimos","0,76","61036,51 R$","753,706 km²",31756 pessoas,"42,13 habitante por quilômetro quadrado"
Diadema,paulista,3 salários mínimos,"0,757","43031,91 R$","30,732 km²",393237 pessoas,"12795,69 habitante por quilômetro quadrado"
Dirce Reis,paulista,"2,8 salários mínimos","0,741","38685,19 R$","88,133 km²",1620 pessoas,"18,38 habitante por quilômetro quadrado"
Divinolândia,paulista,"2,2 salários mínimos","0,734","44568,55 R$","223,749 km²",11158 pessoas,"49,87 habitante por quilômetro quadrado"
Dobrada,paulista,"2,1 salários mínimos","0,718","15286,82 R$","149,729 km²",8759 pessoas,"58,50 habitante por quilômetro quadrado"
Dois Córregos,paulista,2 salários mínimos,"0,725","30150,85 R$","632,972 km²",24510 pessoas,"38,72 habitante por quilômetro quadrado"
Dolcinópolis,paulista,"2,4 salários mínimos","0,742","27963,37 R$","77,939 km²",2207 pessoas,"28,32 habitante por quilômetro quadrado"
Dourado,paulista,"2,5 salários mínimos","0,738","90318,49 R$","205,874 km²",8096 pessoas,"39,33 habitante por quilômetro quadrado"
Dracena,paulista,2 salários mínimos,"0,776","30557,62 R$","487,688 km²",45474 pessoas,"93,24 habitante por quilômetro quadrado"
Duartina,paulista,2 salários mínimos,"0,748","20338,59 R$","264,557 km²",12328 pessoas,"46,60 habitante por quilômetro quadrado"
Dumont,paulista,"2,5 salários mínimos","0,744","33647,69 R$","111,376 km²",9471 pessoas,"85,04 habitante por quilômetro quadrado"
Echaporã,paulista,2 salários mínimos,"0,745","25295,64 R$","515,258 km²",6205 pessoas,"12,04 habitante por quilômetro quadrado"
Eldorado,paulista,2 salários mínimos,"0,691","21122,95 R$","1654,256 km²",13069 pessoas,"7,90 habitante por quilômetro quadrado"
Elias Fausto,paulista,"2,4 salários mínimos","0,695","55521,14 R$","202,360 km²",17699 pessoas,"87,46 habitante por quilômetro quadrado"
Elisiário,paulista,"2,6 salários mínimos","0,747","20323,57 R$","93,980 km²",3138 pessoas,"33,39 habitante por quilômetro quadrado"
Embaúba,paulista,"2,2 salários mínimos","0,73","23385,21 R$","83,129 km²",2323 pessoas,"27,94 habitante por quilômetro quadrado"
Embu das Artes,paulista,"2,8 salários mínimos","0,735","51258,86 R$","70,398 km²",250691 pessoas,"3561,05 habitante por quilômetro quadrado"
Embu-Guaçu,paulista,"2,5 salários mínimos","0,749","20683,01 R$","155,641 km²",66970 pessoas,"430,29 habitante por quilômetro quadrado"
Emilianópolis,paulista,"1,9 salários mínimos","0,727","24451,77 R$","225,167 km²",3014 pessoas,"13,39 habitante por quilômetro quadrado"
Engenheiro Coelho,paulista,"2,6 salários mínimos","0,732","30446,44 R$","109,941 km²",19566 pessoas,"177,97 habitante por quilômetro quadrado"
Espírito Santo do Pinhal,paulista,"2,2 salários mínimos","0,787","46311,65 R$","389,235 km²",39816 pessoas,"102,29 habitante por quilômetro quadrado"
Espírito Santo do Turvo,paulista,"2,1 salários mínimos","0,696","18630,23 R$","193,666 km²",4157 pessoas,"21,46 habitante por quilômetro quadrado"
Estiva Gerbi,paulista,"2,5 salários mínimos","0,74","33843,06 R$","74,144 km²",11295 pessoas,"152,34 habitante por quilômetro quadrado"
Estrela do Norte,paulista,2 salários mínimos,"0,74","22511,33 R$","264,987 km²",2703 pessoas,"10,20 habitante por quilômetro quadrado"
Estrela d'Oeste,paulista,"2,3 salários mínimos","0,76","89460,5 R$","296,281 km²",9417 pessoas,"31,78 habitante por quilômetro quadrado"
Euclides da Cunha Paulista,paulista,"1,9 salários mínimos","0,704","14708,88 R$","573,894 km²",7924 pessoas,"13,81 habitante por quilômetro quadrado"
Fartura,paulista,"1,7 salários mínimos","0,732","29419,47 R$","429,171 km²",16641 pessoas,"38,77 habitante por quilômetro quadrado"
Fernando Prestes,paulista,"1,8 salários mínimos","0,758","35416,65 R$","169,990 km²",5942 pessoas,"34,95 habitante por quilômetro quadrado"
Fernandópolis,paulista,2 salários mínimos,"0,797","35430,06 R$","549,797 km²",71186 pessoas,"129,48 habitante por quilômetro quadrado"
Fernão,paulista,"2,4 salários mínimos","0,703","46552,1 R$","100,504 km²",1656 pessoas,"16,48 habitante por quilômetro quadrado"
Ferraz de Vasconcelos,paulista,"2,4 salários mínimos","0,738","23863,13 R$","29,547 km²",179198 pessoas,"6064,85 habitante por quilômetro quadrado"
Flora Rica,paulista,"1,9 salários mínimos","0,727","30176,19 R$","224,711 km²",1487 pessoas,"6,62 habitante por quilômetro quadrado"
Floreal,paulista,2 salários mínimos,"0,747","28393,24 R$","204,236 km²",2733 pessoas,"13,38 habitante por quilômetro quadrado"
Flórida Paulista,paulista,2 salários mínimos,"0,715","17731,75 R$","524,138 km²",12958 pessoas,"24,72 habitante por quilômetro quadrado"
Florínea,paulista,2 salários mínimos,"0,713","65354,84 R$","225,886 km²",3851 pessoas,"17,05 habitante por quilômetro quadrado"
Franca,paulista,"2,1 salários mínimos","0,78","31450,1 R$","605,679 km²",352536 pessoas,"582,05 habitante por quilômetro quadrado"
Francisco Morato,paulista,"2,2 salários mínimos","0,703","10439,01 R$","49,001 km²",165139 pessoas,"3370,11 habitante por quilômetro quadrado"
Franco da Rocha,paulista,"2,6 salários mínimos","0,731","27126,51 R$","132,775 km²",144849 pessoas,"1090,94 habitante por quilômetro quadrado"
Gabriel Monteiro,paulista,"1,6 salários mínimos","0,763","33755,37 R$","138,681 km²",2763 pessoas,"19,92 habitante por quilômetro quadrado"
Gália,paulista,"1,7 salários mínimos","0,709","26907,52 R$","355,914 km²",6380 pessoas,"17,93 habitante por quilômetro quadrado"
Garça,paulista,"2,3 salários mínimos","0,769","38831,12 R$","555,807 km²",42110 pessoas,"75,76 habitante por quilômetro quadrado"
Gastão Vidigal,paulista,"2,7 salários mínimos","0,723","17476,7 R$","180,569 km²",3252 pessoas,"18,01 habitante por quilômetro quadrado"
Gavião Peixoto,paulista,"5,5 salários mínimos","0,719","244615,79 R$","243,766 km²",4702 pessoas,"19,29 habitante por quilômetro quadrado"
General Salgado,paulista,"2,3 salários mínimos","0,747","25343,09 R$","494,376 km²",10312 pessoas,"20,86 habitante por quilômetro quadrado"
Getulina,paulista,"2,2 salários mínimos","0,717","18806,06 R$","676,755 km²",10232 pessoas,"15,12 habitante por quilômetro quadrado"
Glicério,paulista,"1,9 salários mínimos","0,735","25880,65 R$","272,800 km²",4138 pessoas,"15,17 habitante por quilômetro quadrado"
Guaiçara,paulista,"2,3 salários mínimos","0,739","18704,97 R$","277,154 km²",11239 pessoas,"40,55 habitante por quilômetro quadrado"
Guaimbê,paulista,2 salários mínimos,"0,728","76293,81 R$","217,811 km²",5512 pessoas,"25,31 habitante por quilômetro quadrado"
Guaíra,paulista,"2,4 salários mínimos","0,753","65519,59 R$","1258,465 km²",39279 pessoas,"31,21 habitante por quilômetro quadrado"
Guapiaçu,paulista,"2,7 salários mínimos","0,725","40585,65 R$","325,126 km²",21711 pessoas,"66,78 habitante por quilômetro quadrado"
Guapiara,paulista,"1,8 salários mínimos","0,675","25989,08 R$","408,292 km²",17071 pessoas,"41,81 habitante por quilômetro quadrado"
Guará,paulista,"2,3 salários mínimos","0,718","28896,21 R$","362,183 km²",18606 pessoas,"51,37 habitante por quilômetro quadrado"
Guaraçaí,paulista,2 salários mínimos,"0,719","39546,1 R$","569,197 km²",7441 pessoas,"13,07 habitante por quilômetro quadrado"
Guaraci,paulista,"2,4 salários mínimos","0,737","32986,54 R$","641,501 km²",10350 pessoas,"16,13 habitante por quilômetro quadrado"
Guarani d'Oeste,paulista,"1,7 salários mínimos","0,732","18556,87 R$","85,700 km²",1968 pessoas,"22,96 habitante por quilômetro quadrado"
Guarantã,paulista,"1,9 salários mínimos","0,713","29367,05 R$","461,746 km²",6427 pessoas,"13,92 habitante por quilômetro quadrado"
Guararapes,paulista,"2,2 salários mínimos","0,763","36072,94 R$","955,637 km²",31043 pessoas,"32,48 habitante por quilômetro quadrado"
Guararema,paulista,"3,2 salários mínimos","0,731","50771,09 R$","270,816 km²",31236 pessoas,"115,34 habitante por quilômetro quadrado"
Guaratinguetá,paulista,"3,1 salários mínimos","0,798",63948 R$,"752,636 km²",118044 pessoas,"156,84 habitante por quilômetro quadrado"
Guareí,paulista,"1,9 salários mínimos","0,687","16300,18 R$","567,884 km²",15013 pessoas,"26,44 habitante por quilômetro quadrado"
Guariba,paulista,"2,4 salários mínimos","0,719","27783,09 R$","270,289 km²",37498 pessoas,"138,73 habitante por quilômetro quadrado"
Guarujá,paulista,3 salários mínimos,"0,751","32292,29 R$","144,794 km²",287634 pessoas,"1986,50 habitante por quilômetro quadrado"
Guarulhos,paulista,3 salários mínimos,"0,763","55084,22 R$","318,675 km²",1291771 pessoas,"4053,57 habitante por quilômetro quadrado"
Guatapará,paulista,"2,4 salários mínimos","0,743","31618,94 R$","413,567 km²",7320 pessoas,"17,70 habitante por quilômetro quadrado"
Guzolândia,paulista,2 salários mínimos,"0,697","17505,62 R$","252,477 km²",4246 pessoas,"16,82 habitante por quilômetro quadrado"
Herculândia,paulista,"2,2 salários mínimos","0,727","36890,4 R$","364,252 km²",9125 pessoas,"25,05 habitante por quilômetro quadrado"
Holambra,paulista,"2,6 salários mínimos","0,793","93777,73 R$","65,577 km²",15094 pessoas,"230,17 habitante por quilômetro quadrado"
Hortolândia,paulista,"3,8 salários mínimos","0,756","77357,5 R$","62,416 km²",236641 pessoas,"3791,35 habitante por quilômetro quadrado"
Iacanga,paulista,"1,7 salários mínimos","0,745","54825,02 R$","547,393 km²",10437 pessoas,"19,07 habitante por quilômetro quadrado"
Iacri,paulista,2 salários mínimos,"0,733","50533,65 R$","321,948 km²",6131 pessoas,"19,04 habitante por quilômetro quadrado"
Iaras,paulista,"2,6 salários mínimos","0,674","17261,62 R$","401,381 km²",8010 pessoas,"19,96 habitante por quilômetro quadrado"
Ibaté,paulista,"2,4 salários mínimos","0,703","32354,27 R$","290,978 km²",32178 pessoas,"110,59 habitante por quilômetro quadrado"
Ibirá,paulista,2 salários mínimos,"0,74","25170,21 R$","271,912 km²",11690 pessoas,"42,99 habitante por quilômetro quadrado"
Ibirarema,paulista,"2,3 salários mínimos","0,708","30862,28 R$","228,230 km²",6385 pessoas,"27,98 habitante por quilômetro quadrado"
Ibitinga,paulista,"1,7 salários mínimos","0,747","32137,74 R$","689,391 km²",60033 pessoas,"87,08 habitante por quilômetro quadrado"
Ibiúna,paulista,"2,4 salários mínimos","0,71","29609,37 R$","1058,082 km²",75605 pessoas,"71,45 habitante por quilômetro quadrado"
Icém,paulista,"2,3 salários mínimos","0,72","25025,6 R$","362,355 km²",7819 pessoas,"21,58 habitante por quilômetro quadrado"
Iepê,paulista,"2,2 salários mínimos","0,736","52789,96 R$","594,974 km²",7619 pessoas,"12,81 habitante por quilômetro quadrado"
Igaraçu do Tietê,paulista,2 salários mínimos,"0,727","15357,34 R$","97,747 km²",23106 pessoas,"236,39 habitante por quilômetro quadrado"
Igarapava,paulista,"2,3 salários mínimos","0,768","42208,35 R$","468,355 km²",26212 pessoas,"55,97 habitante por quilômetro quadrado"
Igaratá,paulista,2 salários mínimos,"0,711","24936,71 R$","292,953 km²",10605 pessoas,"36,20 habitante por quilômetro quadrado"
Iguape,paulista,"2,2 salários mínimos","0,726","51053,14 R$","1978,795 km²",29115 pessoas,"14,71 habitante por quilômetro quadrado"
Ilha Comprida,paulista,"2,5 salários mínimos","0,725","118036,8 R$","196,567 km²",13419 pessoas,"68,27 habitante por quilômetro quadrado"
Ilha Solteira,paulista,"2,9 salários mínimos","0,812","26261,81 R$","652,641 km²",25549 pessoas,"39,15 habitante por quilômetro quadrado"
Ilhabela,paulista,"2,8 salários mínimos","0,756","385605,85 R$","346,389 km²",34934 pessoas,"100,85 habitante por quilômetro quadrado"
Indaiatuba,paulista,"3,4 salários mínimos","0,788","87525,86 R$","311,545 km²",255748 pessoas,"820,90 habitante por quilômetro quadrado"
Indiana,paulista,"1,9 salários mínimos","0,761","17846,96 R$","129,367 km²",5090 pessoas,"39,35 habitante por quilômetro quadrado"
Indiaporã,paulista,2 salários mínimos,"0,751","28664,34 R$","279,606 km²",4035 pessoas,"14,43 habitante por quilômetro quadrado"
Inúbia Paulista,paulista,"2,2 salários mínimos","0,759","33790,08 R$","87,119 km²",3615 pessoas,"41,49 habitante por quilômetro quadrado"
Ipaussu,paulista,"2,3 salários mínimos","0,727","32911,22 R$","209,554 km²",13712 pessoas,"65,43 habitante por quilômetro quadrado"
Iperó,paulista,"2,3 salários mínimos","0,719","25010,8 R$","170,289 km²",36459 pessoas,"214,10 habitante por quilômetro quadrado"
Ipeúna,paulista,"2,5 salários mínimos","0,753","121154,37 R$","190,010 km²",6831 pessoas,"35,95 habitante por quilômetro quadrado"
Ipiguá,paulista,"2,2 salários mínimos","0,73","22360,76 R$","136,028 km²",6761 pessoas,"49,70 habitante por quilômetro quadrado"
Iporanga,paulista,"1,8 salários mínimos","0,703","15181,67 R$","1152,059 km²",4046 pessoas,"3,51 habitante por quilômetro quadrado"
Ipuã,paulista,"1,9 salários mínimos","0,749","26361,5 R$","466,461 km²",14454 pessoas,"30,99 habitante por quilômetro quadrado"
Iracemápolis,paulista,"2,2 salários mínimos","0,776","85178,34 R$","115,118 km²",21967 pessoas,"190,82 habitante por quilômetro quadrado"
Irapuã,paulista,"1,8 salários mínimos","0,713","22987,71 R$","257,612 km²",6867 pessoas,"26,66 habitante por quilômetro quadrado"
Irapuru,paulista,"2,5 salários mínimos","0,712","13115,75 R$","214,461 km²",7085 pessoas,"33,04 habitante por quilômetro quadrado"
Itaberá,paulista,"2,2 salários mínimos","0,693","58380,87 R$","1100,247 km²",17983 pessoas,"16,34 habitante por quilômetro quadrado"
Itaí,paulista,"2,3 salários mínimos","0,713","33471,94 R$","1092,884 km²",25180 pessoas,"23,04 habitante por quilômetro quadrado"
Itajobi,paulista,"1,9 salários mínimos","0,73","61001,88 R$","502,066 km²",16989 pessoas,"33,84 habitante por quilômetro quadrado"
Itaju,paulista,"1,8 salários mínimos","0,705","58993,27 R$","230,355 km²",3618 pessoas,"15,71 habitante por quilômetro quadrado"
Itanhaém,paulista,"2,2 salários mínimos","0,745","22704,86 R$","601,711 km²",112476 pessoas,"186,93 habitante por quilômetro quadrado"
Itaoca,paulista,"2,4 salários mínimos","0,68","16009,98 R$","183,015 km²",3422 pessoas,"18,70 habitante por quilômetro quadrado"
Itapecerica da Serra,paulista,"2,4 salários mínimos","0,742","27338,58 R$","150,742 km²",158522 pessoas,"1051,61 habitante por quilômetro quadrado"
Itapetininga,paulista,"2,1 salários mínimos","0,763","38058,01 R$","1789,350 km²",157790 pessoas,"88,18 habitante por quilômetro quadrado"
Itapeva,paulista,"2,1 salários mínimos","0,732","39783,21 R$","1826,258 km²",89728 pessoas,"49,13 habitante por quilômetro quadrado"
Itapevi,paulista,"3,1 salários mínimos","0,735","52656,14 R$","82,658 km²",232297 pessoas,"2810,34 habitante por quilômetro quadrado"
Itapira,paulista,"2,8 salários mínimos","0,762","62845,44 R$","518,416 km²",72022 pessoas,"138,93 habitante por quilômetro quadrado"
Itapirapuã Paulista,paulista,"1,7 salários mínimos","0,661","12247,37 R$","406,478 km²",4306 pessoas,"10,59 habitante por quilômetro quadrado"
Itápolis,paulista,"2,1 salários mínimos","0,744","37459,11 R$","996,747 km²",39493 pessoas,"39,62 habitante por quilômetro quadrado"
Itaporanga,paulista,"1,7 salários mínimos","0,719","20103,59 R$","507,997 km²",14085 pessoas,"27,73 habitante por quilômetro quadrado"
Itapuí,paulista,"2,1 salários mínimos","0,725","70205,57 R$","140,023 km²",13659 pessoas,"97,55 habitante por quilômetro quadrado"
Itapura,paulista,"1,6 salários mínimos","0,72","20950,66 R$","301,653 km²",3979 pessoas,"13,19 habitante por quilômetro quadrado"
Itaquaquecetuba,paulista,"2,4 salários mínimos","0,714","25112,29 R$","82,622 km²",369275 pessoas,"4469,45 habitante por quilômetro quadrado"
Itararé,paulista,"1,8 salários mínimos","0,703","23286,15 R$","1003,860 km²",44438 pessoas,"44,27 habitante por quilômetro quadrado"
Itariri,paulista,"2,4 salários mínimos","0,677","24725,72 R$","273,667 km²",15528 pessoas,"56,74 habitante por quilômetro quadrado"
Itatiba,paulista,3 salários mínimos,"0,778","66360,02 R$","322,269 km²",121590 pessoas,"377,29 habitante por quilômetro quadrado"
Itatinga,paulista,2 salários mínimos,"0,706","18764,35 R$","979,817 km²",19070 pessoas,"19,46 habitante por quilômetro quadrado"
Itirapina,paulista,"2,9 salários mínimos","0,724","68413,96 R$","564,603 km²",16148 pessoas,"28,60 habitante por quilômetro quadrado"
Itirapuã,paulista,"2,1 salários mínimos","0,707","24568,81 R$","161,118 km²",5779 pessoas,"35,87 habitante por quilômetro quadrado"
Itobi,paulista,"1,8 salários mínimos","0,717","25230,99 R$","138,986 km²",8046 pessoas,"57,89 habitante por quilômetro quadrado"
Itu,paulista,"2,8 salários mínimos","0,773","59502,19 R$","640,719 km²",168240 pessoas,"262,58 habitante por quilômetro quadrado"
Itupeva,paulista,"3,2 salários mínimos","0,762","130938,58 R$","200,876 km²",70616 pessoas,"351,54 habitante por quilômetro quadrado"
Ituverava,paulista,"2,2 salários mínimos","0,765","45131,05 R$","704,659 km²",37571 pessoas,"53,32 habitante por quilômetro quadrado"
Jaborandi,paulista,"2,1 salários mínimos","0,711","22013,21 R$","273,438 km²",6221 pessoas,"22,75 habitante por quilômetro quadrado"
Jaboticabal,paulista,"2,8 salários mínimos","0,778","46151,86 R$","706,602 km²",71821 pessoas,"101,64 habitante por quilômetro quadrado"
Jacareí,paulista,"3,1 salários mínimos","0,777","67874,93 R$","464,272 km²",240275 pessoas,"517,53 habitante por quilômetro quadrado"
Jaci,paulista,"2,3 salários mínimos","0,723","92434,87 R$","145,133 km²",7613 pessoas,"52,46 habitante por quilômetro quadrado"
Jacupiranga,paulista,"1,9 salários mínimos","0,717","29651,56 R$","704,189 km²",16097 pessoas,"22,86 habitante por quilômetro quadrado"
Jaguariúna,paulista,"3,7 salários mínimos","0,784","233328,91 R$","141,391 km²",59347 pessoas,"419,74 habitante por quilômetro quadrado"
Jales,paulista,"2,2 salários mínimos","0,776","40212,72 R$","368,574 km²",48776 pessoas,"132,34 habitante por quilômetro quadrado"
Jambeiro,paulista,"2,9 salários mínimos","0,756","51684,83 R$","184,413 km²",6397 pessoas,"34,69 habitante por quilômetro quadrado"
Jandira,paulista,"3,1 salários mínimos","0,76","38426,42 R$","17,449 km²",118045 pessoas,"6765,14 habitante por quilômetro quadrado"
Jardinópolis,paulista,"2,4 salários mínimos","0,735","34708,42 R$","501,870 km²",45282 pessoas,"90,23 habitante por quilômetro quadrado"
Jarinu,paulista,3 salários mínimos,"0,733","96153,71 R$","207,549 km²",37535 pessoas,"180,85 habitante por quilômetro quadrado"
Jaú,paulista,"2,2 salários mínimos","0,778","36376,16 R$","687,103 km²",133497 pessoas,"194,29 habitante por quilômetro quadrado"
Jeriquara,paulista,2 salários mínimos,"0,703","53750,36 R$","141,971 km²",3863 pessoas,"27,21 habitante por quilômetro quadrado"
Joanópolis,paulista,"1,8 salários mínimos","0,699","19442,33 R$","374,293 km²",12815 pessoas,"34,24 habitante por quilômetro quadrado"
João Ramalho,paulista,"2,2 salários mínimos","0,741","32483,14 R$","415,452 km²",4371 pessoas,"10,52 habitante por quilômetro quadrado"
José Bonifácio,paulista,2 salários mínimos,"0,777","36644,42 R$","860,200 km²",36633 pessoas,"42,59 habitante por quilômetro quadrado"
Júlio Mesquita,paulista,"1,8 salários mínimos","0,716","12197,96 R$","128,183 km²",4254 pessoas,"33,19 habitante por quilômetro quadrado"
Jumirim,paulista,"2,2 salários mínimos","0,741","61724,71 R$","56,685 km²",3056 pessoas,"53,91 habitante por quilômetro quadrado"
Jundiaí,paulista,"3,3 salários mínimos","0,822","135081,2 R$","431,204 km²",443221 pessoas,"1027,87 habitante por quilômetro quadrado"
Junqueirópolis,paulista,"2,3 salários mínimos","0,745","38510,78 R$","582,565 km²",20448 pessoas,"35,10 habitante por quilômetro quadrado"
Juquiá,paulista,"1,8 salários mínimos","0,7","19673,56 R$","812,799 km²",17154 pessoas,"21,10 habitante por quilômetro quadrado"
Juquitiba,paulista,"1,6 salários mínimos","0,709","18025,29 R$","522,169 km²",27404 pessoas,"52,48 habitante por quilômetro quadrado"
Lagoinha,paulista,"1,9 salários mínimos","0,693","15150,97 R$","255,472 km²",5083 pessoas,"19,90 habitante por quilômetro quadrado"
Laranjal Paulista,paulista,"2,1 salários mínimos","0,729","48579,92 R$","384,274 km²",26261 pessoas,"68,34 habitante por quilômetro quadrado"
Lavínia,paulista,"2,5 salários mínimos","0,721","14696,45 R$","537,675 km²",9689 pessoas,"18,02 habitante por quilômetro quadrado"
Lavrinhas,paulista,2 salários mínimos,"0,729","18111,28 R$","167,067 km²",7171 pessoas,"42,92 habitante por quilômetro quadrado"
Leme,paulista,"2,3 salários mínimos","0,744","38964,09 R$","402,871 km²",98161 pessoas,"243,65 habitante por quilômetro quadrado"
Lençóis Paulista,paulista,"2,9 salários mínimos","0,764","70818,58 R$","809,541 km²",66505 pessoas,"82,15 habitante por quilômetro quadrado"
Limeira,paulista,"2,9 salários mínimos","0,775","51678,31 R$","580,711 km²",291869 pessoas,"502,61 habitante por quilômetro quadrado"
Lindóia,paulista,2 salários mínimos,"0,742","30018,14 R$","48,756 km²",7014 pessoas,"143,86 habitante por quilômetro quadrado"
Lins,paulista,"2,4 salários mínimos","0,786","85642,71 R$","570,058 km²",74779 pessoas,"131,18 habitante por quilômetro quadrado"
Lorena,paulista,"2,6 salários mínimos","0,766","43299,19 R$","414,160 km²",84855 pessoas,"204,88 habitante por quilômetro quadrado"
Lourdes,paulista,"2,3 salários mínimos","0,742","18818,34 R$","113,940 km²",1950 pessoas,"17,11 habitante por quilômetro quadrado"
Louveira,paulista,"3,6 salários mínimos","0,777","385773,53 R$","55,738 km²",51847 pessoas,"930,19 habitante por quilômetro quadrado"
Lucélia,paulista,"1,3 salários mínimos","0,752","26531,25 R$","314,810 km²",20061 pessoas,"63,72 habitante por quilômetro quadrado"
Lucianópolis,paulista,"2,1 salários mínimos","0,733","29214,5 R$","189,536 km²",2372 pessoas,"12,51 habitante por quilômetro quadrado"
Luís Antônio,paulista,"2,7 salários mínimos","0,731","99603,69 R$","598,257 km²",12265 pessoas,"20,50 habitante por quilômetro quadrado"
Luiziânia,paulista,2 salários mínimos,"0,702","15851,42 R$","166,576 km²",4701 pessoas,"28,22 habitante por quilômetro quadrado"
Lupércio,paulista,"2,2 salários mínimos","0,724","21340,47 R$","155,171 km²",3981 pessoas,"25,66 habitante por quilômetro quadrado"
Lutécia,paulista,"1,9 salários mínimos","0,72","38571,53 R$","475,226 km²",2661 pessoas,"5,60 habitante por quilômetro quadrado"
Macatuba,paulista,"2,5 salários mínimos","0,77","37292,64 R$","224,514 km²",16829 pessoas,"74,96 habitante por quilômetro quadrado"
Macaubal,paulista,"2,8 salários mínimos","0,743","24094,91 R$","248,087 km²",7481 pessoas,"30,15 habitante por quilômetro quadrado"
Macedônia,paulista,2 salários mínimos,"0,74","24669,23 R$","327,567 km²",3963 pessoas,"12,10 habitante por quilômetro quadrado"
Magda,paulista,2 salários mínimos,"0,753","33742,07 R$","312,282 km²",3165 pessoas,"10,14 habitante por quilômetro quadrado"
Mairinque,paulista,"2,3 salários mínimos","0,743","56474,15 R$","210,149 km²",50027 pessoas,"238,05 habitante por quilômetro quadrado"
Mairiporã,paulista,"2,2 salários mínimos","0,788","22076,24 R$","320,697 km²",93853 pessoas,"292,65 habitante por quilômetro quadrado"
Manduri,paulista,"1,9 salários mínimos","0,739","29272,78 R$","229,046 km²",9871 pessoas,"43,10 habitante por quilômetro quadrado"
Marabá Paulista,paulista,"2,4 salários mínimos","0,677","25999,5 R$","919,519 km²",4573 pessoas,"4,97 habitante por quilômetro quadrado"
Maracaí,paulista,2 salários mínimos,"0,771","36775,73 R$","533,498 km²",12673 pessoas,"23,75 habitante por quilômetro quadrado"
Marapoama,paulista,"2,5 salários mínimos","0,752","38648,5 R$","111,267 km²",3292 pessoas,"29,59 habitante por quilômetro quadrado"
Mariápolis,paulista,2 salários mínimos,"0,718","18663,17 R$","186,544 km²",3513 pessoas,"18,83 habitante por quilômetro quadrado"
Marília,paulista,"2,5 salários mínimos","0,798","40272,45 R$","1170,515 km²",237627 pessoas,"203,01 habitante por quilômetro quadrado"
Marinópolis,paulista,"2,1 salários mínimos","0,731","19070,41 R$","77,827 km²",1860 pessoas,"23,90 habitante por quilômetro quadrado"
Martinópolis,paulista,2 salários mínimos,"0,721","28179,26 R$","1253,564 km²",24881 pessoas,"19,85 habitante por quilômetro quadrado"
Matão,paulista,"2,8 salários mínimos","0,773","63716,37 R$","524,899 km²",79033 pessoas,"150,57 habitante por quilômetro quadrado"
Mauá,paulista,3 salários mínimos,"0,766","43128,78 R$","61,937 km²",418261 pessoas,"6753,01 habitante por quilômetro quadrado"
Mendonça,paulista,"2,6 salários mínimos","0,744","66474,78 R$","195,151 km²",6159 pessoas,"31,56 habitante por quilômetro quadrado"
Meridiano,paulista,"3,4 salários mínimos","0,731","103289,4 R$","228,199 km²",4572 pessoas,"20,04 habitante por quilômetro quadrado"
Mesópolis,paulista,"2,5 salários mínimos","0,724","42887,61 R$","148,636 km²",1952 pessoas,"13,13 habitante por quilômetro quadrado"
Miguelópolis,paulista,"2,1 salários mínimos","0,741","45201,82 R$","820,849 km²",19441 pessoas,"23,68 habitante por quilômetro quadrado"
Mineiros do Tietê,paulista,2 salários mínimos,"0,73","17373,68 R$","213,242 km²",11230 pessoas,"52,66 habitante por quilômetro quadrado"
Mira Estrela,paulista,2 salários mínimos,"0,743","22515,72 R$","216,825 km²",3126 pessoas,"14,42 habitante por quilômetro quadrado"
Miracatu,paulista,"1,9 salários mínimos","0,697","23420,28 R$","1001,484 km²",18553 pessoas,"18,53 habitante por quilômetro quadrado"
Mirandópolis,paulista,"2,3 salários mínimos","0,751","24753,46 R$","917,694 km²",27983 pessoas,"30,49 habitante por quilômetro quadrado"
Mirante do Paranapanema,paulista,"2,8 salários mínimos","0,724","32957,78 R$","1238,931 km²",15917 pessoas,"12,85 habitante por quilômetro quadrado"
Mirassol,paulista,"2,3 salários mínimos","0,762","43778,54 R$","243,228 km²",63337 pessoas,"260,40 habitante por quilômetro quadrado"
Mirassolândia,paulista,"2,1 salários mínimos","0,738","42951,06 R$","166,125 km²",4669 pessoas,"28,11 habitante por quilômetro quadrado"
Mococa,paulista,"2,4 salários mínimos","0,762","44065,5 R$","855,156 km²",67681 pessoas,"79,14 habitante por quilômetro quadrado"
Mogi das Cruzes,paulista,"2,5 salários mínimos","0,783","43031,34 R$","712,541 km²",451505 pessoas,"633,65 habitante por quilômetro quadrado"
Mogi Guaçu,paulista,"2,7 salários mínimos","0,774","44538,21 R$","812,753 km²",153658 pessoas,"189,06 habitante por quilômetro quadrado"
Mogi Mirim,paulista,"2,8 salários mínimos","0,784","67095,62 R$","497,708 km²",92558 pessoas,"185,97 habitante por quilômetro quadrado"
Mombuca,paulista,"2,1 salários mínimos","0,719","35344,16 R$","133,698 km²",3722 pessoas,"27,84 habitante por quilômetro quadrado"
Monções,paulista,"2,1 salários mínimos","0,772","25620,96 R$","104,352 km²",1937 pessoas,"18,56 habitante por quilômetro quadrado"
Mongaguá,paulista,"2,2 salários mínimos","0,754","21421,71 R$","142,755 km²",61951 pessoas,"433,97 habitante por quilômetro quadrado"
Monte Alegre do Sul,paulista,2 salários mínimos,"0,759","30829,71 R$","110,308 km²",8627 pessoas,"78,21 habitante por quilômetro quadrado"
Monte Alto,paulista,"2,5 salários mínimos","0,768","47713,32 R$","346,950 km²",47574 pessoas,"137,12 habitante por quilômetro quadrado"
Monte Aprazível,paulista,"2,3 salários mínimos","0,785","29885,78 R$","495,559 km²",22280 pessoas,"44,96 habitante por quilômetro quadrado"
Monte Azul Paulista,paulista,"2,1 salários mínimos","0,753","33768,09 R$","263,462 km²",18151 pessoas,"68,89 habitante por quilômetro quadrado"
Monte Castelo,paulista,2 salários mínimos,"0,741",30746 R$,"233,547 km²",4222 pessoas,"18,08 habitante por quilômetro quadrado"
Monte Mor,paulista,"3,1 salários mínimos","0,733","69972,02 R$","240,566 km²",64662 pessoas,"268,79 habitante por quilômetro quadrado"
Monteiro Lobato,paulista,"1,8 salários mínimos","0,71","17520,67 R$","332,742 km²",4138 pessoas,"12,44 habitante por quilômetro quadrado"
Morro Agudo,paulista,"2,4 salários mínimos","0,712","36487,83 R$","1388,127 km²",27933 pessoas,"20,12 habitante por quilômetro quadrado"
Morungaba,paulista,2 salários mínimos,"0,715","45445,18 R$","146,752 km²",13720 pessoas,"93,49 habitante por quilômetro quadrado"
Motuca,paulista,2 salários mínimos,"0,741","24983,62 R$","228,700 km²",4034 pessoas,"17,64 habitante por quilômetro quadrado"
Murutinga do Sul,paulista,2 salários mínimos,"0,726","19453,5 R$","250,873 km²",3737 pessoas,"14,90 habitante por quilômetro quadrado"
Nantes,paulista,"2,5 salários mínimos","0,714","44261,55 R$","286,647 km²",2660 pessoas,"9,28 habitante por quilômetro quadrado"
Narandiba,paulista,"2,1 salários mínimos","0,718","129106,16 R$","357,325 km²",5713 pessoas,"15,99 habitante por quilômetro quadrado"
Natividade da Serra,paulista,2 salários mínimos,"0,655","14098,9 R$","833,372 km²",6999 pessoas,"8,40 habitante por quilômetro quadrado"
Nazaré Paulista,paulista,"2,5 salários mínimos","0,678","24667,18 R$","326,254 km²",18217 pessoas,"55,84 habitante por quilômetro quadrado"
Neves Paulista,paulista,2 salários mínimos,"0,754","30979,89 R$","219,050 km²",9699 pessoas,"44,28 habitante por quilômetro quadrado"
Nhandeara,paulista,"2,2 salários mínimos","0,751","31773,36 R$","436,159 km²",9852 pessoas,"22,59 habitante por quilômetro quadrado"
Nipoã,paulista,2 salários mínimos,"0,713","17820,45 R$","137,609 km²",4750 pessoas,"34,52 habitante por quilômetro quadrado"
Nova Aliança,paulista,"2,1 salários mínimos","0,738","45514,97 R$","217,515 km²",6693 pessoas,"30,77 habitante por quilômetro quadrado"
Nova Campina,paulista,"2,8 salários mínimos","0,651","22192,26 R$","385,375 km²",8497 pessoas,"22,05 habitante por quilômetro quadrado"
Nova Canaã Paulista,paulista,"2,3 salários mínimos","0,715","25386,3 R$","124,473 km²",2032 pessoas,"16,32 habitante por quilômetro quadrado"
Nova Castilho,paulista,"3,4 salários mínimos","0,756","47027,11 R$","183,396 km²",1062 pessoas,"5,79 habitante por quilômetro quadrado"
Nova Europa,paulista,"2,3 salários mínimos","0,765","32768,54 R$","160,250 km²",9311 pessoas,"58,10 habitante por quilômetro quadrado"
Nova Granada,paulista,"2,1 salários mínimos","0,739","23447,89 R$","531,796 km²",19419 pessoas,"36,52 habitante por quilômetro quadrado"
Nova Guataporanga,paulista,2 salários mínimos,"0,726","15762,88 R$","34,158 km²",2156 pessoas,"63,12 habitante por quilômetro quadrado"
Nova Independência,paulista,"3,4 salários mínimos","0,735","51548,89 R$","265,029 km²",4609 pessoas,"17,39 habitante por quilômetro quadrado"
Nova Luzitânia,paulista,"2,2 salários mínimos","0,743","14278,82 R$","73,816 km²",2837 pessoas,"38,43 habitante por quilômetro quadrado"
Nova Odessa,paulista,"2,7 salários mínimos","0,791","65145,09 R$","73,788 km²",62019 pessoas,"840,50 habitante por quilômetro quadrado"
Novais,paulista,"2,2 salários mínimos","0,719","12986,7 R$","117,772 km²",4412 pessoas,"37,46 habitante por quilômetro quadrado"
Novo Horizonte,paulista,"2,4 salários mínimos","0,753","37973,31 R$","931,743 km²",38324 pessoas,"41,13 habitante por quilômetro quadrado"
Nuporanga,paulista,2 salários mínimos,"0,746","115407,02 R$","348,265 km²",7391 pessoas,"21,22 habitante por quilômetro quadrado"
Ocauçu,paulista,2 salários mínimos,"0,717","32921,81 R$","301,036 km²",4331 pessoas,"14,39 habitante por quilômetro quadrado"
Óleo,paulista,"2,2 salários mínimos","0,73","52419,92 R$","198,938 km²",2512 pessoas,"12,63 habitante por quilômetro quadrado"
Olímpia,paulista,"2,5 salários mínimos","0,773","45985,63 R$","802,555 km²",55074 pessoas,"68,62 habitante por quilômetro quadrado"
Onda Verde,paulista,"2,7 salários mínimos","0,738","46086,02 R$","242,946 km²",4771 pessoas,"19,64 habitante por quilômetro quadrado"
Oriente,paulista,"2,5 salários mínimos","0,77","19753,85 R$","218,668 km²",6085 pessoas,"27,83 habitante por quilômetro quadrado"
Orindiúva,paulista,"3,7 salários mínimos","0,767","87570,54 R$","247,378 km²",6024 pessoas,"24,35 habitante por quilômetro quadrado"
Orlândia,paulista,"2,9 salários mínimos","0,78","57728,08 R$","291,765 km²",38319 pessoas,"131,34 habitante por quilômetro quadrado"
Osasco,paulista,"3,6 salários mínimos","0,776","122765,64 R$","64,954 km²",728615 pessoas,"11217,40 habitante por quilômetro quadrado"
Oscar Bressane,paulista,"1,9 salários mínimos","0,749","43366,02 R$","222,130 km²",2470 pessoas,"11,12 habitante por quilômetro quadrado"
Osvaldo Cruz,paulista,"1,9 salários mínimos","0,762","32836,81 R$","248,038 km²",31272 pessoas,"126,08 habitante por quilômetro quadrado"
Ourinhos,paulista,"2,3 salários mínimos","0,778","34406,86 R$","295,818 km²",103970 pessoas,"351,47 habitante por quilômetro quadrado"
Ouro Verde,paulista,2 salários mínimos,"0,692","15558,53 R$","266,778 km²",7779 pessoas,"29,16 habitante por quilômetro quadrado"
Ouroeste,paulista,"2,7 salários mínimos","0,77","51226,69 R$","288,648 km²",10294 pessoas,"35,66 habitante por quilômetro quadrado"
Pacaembu,paulista,2 salários mínimos,"0,725","15195,79 R$","339,375 km²",14877 pessoas,"43,84 habitante por quilômetro quadrado"
Palestina,paulista,"2,7 salários mínimos","0,732","31646,21 R$","697,701 km²",11476 pessoas,"16,45 habitante por quilômetro quadrado"
Palmares Paulista,paulista,2 salários mínimos,"0,722","9964,11 R$","82,125 km²",9650 pessoas,"117,50 habitante por quilômetro quadrado"
Palmeira d'Oeste,paulista,"1,9 salários mínimos","0,753","23443,85 R$","318,740 km²",8903 pessoas,"27,93 habitante por quilômetro quadrado"
Palmital,paulista,"2,5 salários mínimos","0,746","40347,04 R$","548,407 km²",19594 pessoas,"35,73 habitante por quilômetro quadrado"
Panorama,paulista,"1,8 salários mínimos","0,722","19933,87 R$","356,050 km²",14964 pessoas,"42,03 habitante por quilômetro quadrado"
Paraguaçu Paulista,paulista,"2,2 salários mínimos","0,762","39015,76 R$","1001,492 km²",41120 pessoas,"41,06 habitante por quilômetro quadrado"
Paraibuna,paulista,"2,2 salários mínimos","0,719","19220,43 R$","809,576 km²",17667 pessoas,"21,82 habitante por quilômetro quadrado"
Paraíso,paulista,"2,8 salários mínimos","0,749","42122,5 R$","155,186 km²",6099 pessoas,"39,30 habitante por quilômetro quadrado"
Paranapanema,paulista,"2,2 salários mínimos","0,717","45907,58 R$","1018,724 km²",19395 pessoas,"19,04 habitante por quilômetro quadrado"
Paranapuã,paulista,"2,3 salários mínimos","0,732","32360,15 R$","140,354 km²",4031 pessoas,"28,72 habitante por quilômetro quadrado"
Parapuã,paulista,"2,3 salários mínimos","0,737","67842,13 R$","366,664 km²",10580 pessoas,"28,85 habitante por quilômetro quadrado"
Pardinho,paulista,2 salários mínimos,"0,727","55976,73 R$","209,894 km²",7153 pessoas,"34,08 habitante por quilômetro quadrado"
Pariquera-Açu,paulista,"2,4 salários mínimos","0,736","29601,64 R$","359,414 km²",19233 pessoas,"53,51 habitante por quilômetro quadrado"
Parisi,paulista,"2,2 salários mínimos","0,721","24630,17 R$","84,737 km²",2892 pessoas,"34,13 habitante por quilômetro quadrado"
Patrocínio Paulista,paulista,"2,9 salários mínimos","0,73","91078,82 R$","602,848 km²",14512 pessoas,"24,07 habitante por quilômetro quadrado"
Paulicéia,paulista,"1,8 salários mínimos","0,711","26544,4 R$","374,091 km²",7955 pessoas,"21,26 habitante por quilômetro quadrado"
Paulínia,paulista,"4,5 salários mínimos","0,795","457517,7 R$","138,777 km²",110537 pessoas,"796,51 habitante por quilômetro quadrado"
Paulistânia,paulista,2 salários mínimos,"0,718","26505,01 R$","256,178 km²",2090 pessoas,"8,16 habitante por quilômetro quadrado"
Paulo de Faria,paulista,"2,5 salários mínimos","0,725","30054,05 R$","737,986 km²",7400 pessoas,"10,03 habitante por quilômetro quadrado"
Pederneiras,paulista,"2,6 salários mínimos","0,739","64521,62 R$","727,482 km²",44827 pessoas,"61,62 habitante por quilômetro quadrado"
Pedra Bela,paulista,"1,6 salários mínimos","0,677","19271,43 R$","158,587 km²",6557 pessoas,"41,35 habitante por quilômetro quadrado"
Pedranópolis,paulista,"2,3 salários mínimos","0,742","32369,01 R$","260,101 km²",2787 pessoas,"10,72 habitante por quilômetro quadrado"
Pedregulho,paulista,"2,2 salários mínimos","0,715","102593,26 R$","712,604 km²",15525 pessoas,"21,79 habitante por quilômetro quadrado"
Pedreira,paulista,"2,2 salários mínimos","0,769","30658,23 R$","108,817 km²",43112 pessoas,"396,19 habitante por quilômetro quadrado"
Pedrinhas Paulista,paulista,"2,3 salários mínimos","0,774","56819,68 R$","152,309 km²",2804 pessoas,"18,41 habitante por quilômetro quadrado"
Pedro de Toledo,paulista,2 salários mínimos,"0,696","15521,76 R$","670,440 km²",11281 pessoas,"16,83 habitante por quilômetro quadrado"
Penápolis,paulista,"2,1 salários mínimos","0,759","32488,66 R$","711,315 km²",61679 pessoas,"86,71 habitante por quilômetro quadrado"
Pereira Barreto,paulista,"2,5 salários mínimos","0,766","42339,32 R$","974,247 km²",24095 pessoas,"24,73 habitante por quilômetro quadrado"
Pereiras,paulista,"1,9 salários mínimos","0,736","35826,95 R$","223,136 km²",8737 pessoas,"39,16 habitante por quilômetro quadrado"
Peruíbe,paulista,"2,2 salários mínimos","0,749","28211,36 R$","326,216 km²",68352 pessoas,"209,53 habitante por quilômetro quadrado"
Piacatu,paulista,"1,5 salários mínimos","0,732","19534,68 R$","232,488 km²",5519 pessoas,"23,74 habitante por quilômetro quadrado"
Piedade,paulista,"2,1 salários mínimos","0,716",28657 R$,"746,868 km²",52970 pessoas,"70,92 habitante por quilômetro quadrado"
Pilar do Sul,paulista,"2,1 salários mínimos","0,69","43096,72 R$","681,248 km²",27619 pessoas,"40,54 habitante por quilômetro quadrado"
Pindamonhangaba,paulista,"3,3 salários mínimos","0,773","79951,7 R$","731,355 km²",165428 pessoas,"226,19 habitante por quilômetro quadrado"
Pindorama,paulista,"2,6 salários mínimos","0,737","28703,01 R$","184,825 km²",14542 pessoas,"78,68 habitante por quilômetro quadrado"
Pinhalzinho,paulista,"1,8 salários mínimos","0,725","20216,61 R$","154,529 km²",15224 pessoas,"98,52 habitante por quilômetro quadrado"
Piquerobi,paulista,"1,7 salários mínimos","0,711","18103,98 R$","482,769 km²",3264 pessoas,"6,76 habitante por quilômetro quadrado"
Piquete,paulista,"2,7 salários mínimos","0,757","14661,29 R$","175,996 km²",12490 pessoas,"70,97 habitante por quilômetro quadrado"
Piracaia,paulista,"2,1 salários mínimos","0,739","23959,72 R$","385,568 km²",26029 pessoas,"67,51 habitante por quilômetro quadrado"
Piracicaba,paulista,"3,1 salários mínimos","0,785","84225,76 R$","1378,069 km²",423323 pessoas,"307,19 habitante por quilômetro quadrado"
Piraju,paulista,"2,2 salários mínimos","0,758","30945,65 R$","504,591 km²",29436 pessoas,"58,34 habitante por quilômetro quadrado"
Pirajuí,paulista,"1,9 salários mínimos","0,749","20820,31 R$","823,758 km²",22431 pessoas,"27,23 habitante por quilômetro quadrado"
Pirangi,paulista,2 salários mínimos,"0,756","31655,48 R$","215,809 km²",10885 pessoas,"50,44 habitante por quilômetro quadrado"
Pirapora do Bom Jesus,paulista,"2,3 salários mínimos","0,727","42495,88 R$","108,489 km²",18370 pessoas,"169,33 habitante por quilômetro quadrado"
Pirapozinho,paulista,"2,2 salários mínimos","0,776","33165,84 R$","477,673 km²",25348 pessoas,"53,07 habitante por quilômetro quadrado"
Pirassununga,paulista,"2,9 salários mínimos","0,801","42833,73 R$","727,118 km²",73545 pessoas,"101,15 habitante por quilômetro quadrado"
Piratininga,paulista,2 salários mínimos,"0,779","20048,02 R$","402,409 km²",15108 pessoas,"37,54 habitante por quilômetro quadrado"
Pitangueiras,paulista,"2,6 salários mínimos","0,723","34369,55 R$","430,638 km²",33674 pessoas,"78,20 habitante por quilômetro quadrado"
Planalto,paulista,"2,5 salários mínimos","0,719","36082,23 R$","289,825 km²",4389 pessoas,"15,14 habitante por quilômetro quadrado"
Platina,paulista,"2,6 salários mínimos","0,719","33283,11 R$","327,480 km²",3025 pessoas,"9,24 habitante por quilômetro quadrado"
Poá,paulista,"2,1 salários mínimos","0,771","31616,47 R$","17,264 km²",103765 pessoas,"6010,48 habitante por quilômetro quadrado"
Poloni,paulista,"1,7 salários mínimos","0,766","25044,23 R$","135,120 km²",5592 pessoas,"41,39 habitante por quilômetro quadrado"
Pompéia,paulista,"4,1 salários mínimos","0,786","87425,49 R$","784,674 km²",20196 pessoas,"25,74 habitante por quilômetro quadrado"
Pongaí,paulista,"2,1 salários mínimos","0,755","27887,43 R$","183,399 km²",3395 pessoas,"18,51 habitante por quilômetro quadrado"
Pontal,paulista,"2,5 salários mínimos","0,725","28285,96 R$","356,371 km²",37607 pessoas,"105,53 habitante por quilômetro quadrado"
Pontalinda,paulista,"2,1 salários mínimos","0,702","20773,37 R$","209,525 km²",4127 pessoas,"19,70 habitante por quilômetro quadrado"
Pontes Gestal,paulista,"3,2 salários mínimos","0,732","49170,31 R$","217,505 km²",2387 pessoas,"10,97 habitante por quilômetro quadrado"
Populina,paulista,"2,6 salários mínimos","0,714","28351,02 R$","315,938 km²",4127 pessoas,"13,06 habitante por quilômetro quadrado"
Porangaba,paulista,"1,8 salários mínimos","0,703","22903,9 R$","265,689 km²",10451 pessoas,"39,34 habitante por quilômetro quadrado"
Porto Feliz,paulista,"2,9 salários mínimos","0,758","69921,89 R$","556,706 km²",56497 pessoas,"101,48 habitante por quilômetro quadrado"
Porto Ferreira,paulista,"2,2 salários mínimos","0,751","43904,33 R$","244,906 km²",52649 pessoas,"214,98 habitante por quilômetro quadrado"
Potim,paulista,"2,1 salários mínimos","0,697","12047,78 R$","44,643 km²",20392 pessoas,"456,78 habitante por quilômetro quadrado"
Potirendaba,paulista,"2,8 salários mínimos","0,747","35101,25 R$","342,492 km²",18496 pessoas,"54,00 habitante por quilômetro quadrado"
Pracinha,paulista,"1,7 salários mínimos","0,696","9468,33 R$","63,054 km²",2578 pessoas,"40,89 habitante por quilômetro quadrado"
Pradópolis,paulista,"2,2 salários mínimos","0,733","49306,42 R$","167,378 km²",17078 pessoas,"102,03 habitante por quilômetro quadrado"
Praia Grande,paulista,"2,3 salários mínimos","0,754","25940,64 R$","149,652 km²",349935 pessoas,"2338,32 habitante por quilômetro quadrado"
Pratânia,paulista,"2,7 salários mínimos","0,701","23527,63 R$","175,100 km²",5126 pessoas,"29,27 habitante por quilômetro quadrado"
Presidente Alves,paulista,"1,8 salários mínimos","0,735","19014,7 R$","286,642 km²",3804 pessoas,"13,27 habitante por quilômetro quadrado"
Presidente Bernardes,paulista,"2,3 salários mínimos","0,757","25644,3 R$","749,233 km²",14490 pessoas,"19,34 habitante por quilômetro quadrado"
Presidente Epitácio,paulista,"1,9 salários mínimos","0,75","29738,9 R$","1260,281 km²",39505 pessoas,"31,35 habitante por quilômetro quadrado"
Presidente Prudente,paulista,"2,4 salários mínimos","0,806","39845,11 R$","560,637 km²",225668 pessoas,"402,52 habitante por quilômetro quadrado"
Presidente Venceslau,paulista,"1,8 salários mínimos","0,763","20760,95 R$","755,203 km²",35201 pessoas,"46,61 habitante por quilômetro quadrado"
Promissão,paulista,"2,1 salários mínimos","0,743","51330,11 R$","779,200 km²",35131 pessoas,"45,09 habitante por quilômetro quadrado"
Quadra,paulista,"2,1 salários mínimos","0,678","37038,08 R$","205,672 km²",3405 pessoas,"16,56 habitante por quilômetro quadrado"
Quatá,paulista,"2,3 salários mínimos","0,738","57387,58 R$","651,341 km²",13163 pessoas,"20,21 habitante por quilômetro quadrado"
Queiroz,paulista,"2,7 salários mínimos","0,715","194914,13 R$","234,914 km²",3265 pessoas,"13,90 habitante por quilômetro quadrado"
Queluz,paulista,2 salários mínimos,"0,722","28178,35 R$","249,399 km²",9159 pessoas,"36,72 habitante por quilômetro quadrado"
Quintana,paulista,"2,2 salários mínimos","0,732",41016 R$,"318,937 km²",7038 pessoas,"22,07 habitante por quilômetro quadrado"
Rafard,paulista,"2,6 salários mínimos","0,745","48529,75 R$","121,645 km²",8965 pessoas,"73,70 habitante por quilômetro quadrado"
Rancharia,paulista,"1,9 salários mínimos","0,751","46459,21 R$","1587,498 km²",28588 pessoas,"18,01 habitante por quilômetro quadrado"
Redenção da Serra,paulista,2 salários mínimos,"0,657","17461,44 R$","309,441 km²",4494 pessoas,"14,52 habitante por quilômetro quadrado"
Regente Feijó,paulista,"2,3 salários mínimos","0,768","47932,82 R$","263,280 km²",20145 pessoas,"76,52 habitante por quilômetro quadrado"
Reginópolis,paulista,"2,1 salários mínimos","0,728","18401,03 R$","410,406 km²",7662 pessoas,"18,67 habitante por quilômetro quadrado"
Registro,paulista,"2,3 salários mínimos","0,754","41751,4 R$","722,201 km²",59947 pessoas,"83,01 habitante por quilômetro quadrado"
Restinga,paulista,"2,3 salários mínimos","0,705","27280,56 R$","245,746 km²",6404 pessoas,"26,06 habitante por quilômetro quadrado"
Ribeira,paulista,"1,8 salários mínimos","0,698","18699,17 R$","335,759 km²",3132 pessoas,"9,33 habitante por quilômetro quadrado"
Ribeirão Bonito,paulista,"2,2 salários mínimos","0,712","27794,44 R$","471,553 km²",10989 pessoas,"23,30 habitante por quilômetro quadrado"
Ribeirão Branco,paulista,"1,7 salários mínimos","0,639","37255,94 R$","697,500 km²",18627 pessoas,"26,71 habitante por quilômetro quadrado"
Ribeirão Corrente,paulista,"2,8 salários mínimos","0,711","66664,82 R$","148,332 km²",4608 pessoas,"31,07 habitante por quilômetro quadrado"
Ribeirão do Sul,paulista,"2,1 salários mínimos","0,747","49451,73 R$","203,208 km²",4677 pessoas,"23,02 habitante por quilômetro quadrado"
Ribeirão dos Índios,paulista,"1,8 salários mínimos","0,721","21152,38 R$","196,446 km²",2025 pessoas,"10,31 habitante por quilômetro quadrado"
Ribeirão Grande,paulista,"1,9 salários mínimos","0,705","15221,41 R$","333,363 km²",7450 pessoas,"22,35 habitante por quilômetro quadrado"
Ribeirão Pires,paulista,"2,6 salários mínimos","0,784","31068,87 R$","98,972 km²",115559 pessoas,"1167,59 habitante por quilômetro quadrado"
Ribeirão Preto,paulista,"2,7 salários mínimos","0,8","55484,91 R$","650,916 km²",698642 pessoas,"1073,32 habitante por quilômetro quadrado"
Rifaina,paulista,"2,1 salários mínimos","0,74","52357,63 R$","162,508 km²",4049 pessoas,"24,92 habitante por quilômetro quadrado"
Rincão,paulista,"2,1 salários mínimos","0,734","20883,52 R$","316,639 km²",9098 pessoas,"28,73 habitante por quilômetro quadrado"
Rinópolis,paulista,"2,4 salários mínimos","0,723","35113,28 R$","358,481 km²",9259 pessoas,"25,83 habitante por quilômetro quadrado"
Rio Claro,paulista,"2,9 salários mínimos","0,803","63209,08 R$","498,422 km²",201418 pessoas,"404,11 habitante por quilômetro quadrado"
Rio das Pedras,paulista,3 salários mínimos,"0,759","49338,49 R$","226,657 km²",31328 pessoas,"138,22 habitante por quilômetro quadrado"
Rio Grande da Serra,paulista,"2,4 salários mínimos","0,749","18472,33 R$","36,341 km²",44170 pessoas,"1215,43 habitante por quilômetro quadrado"
Riolândia,paulista,"2,1 salários mínimos","0,703","20921,21 R$","631,897 km²",10309 pessoas,"16,31 habitante por quilômetro quadrado"
Riversul,paulista,"1,9 salários mínimos","0,664","17299,84 R$","385,878 km²",5599 pessoas,"14,51 habitante por quilômetro quadrado"
Rosana,paulista,"2,6 salários mínimos","0,764","121065,75 R$","744,011 km²",17440 pessoas,"23,44 habitante por quilômetro quadrado"
Roseira,paulista,"1,9 salários mínimos","0,737","34421,96 R$","129,847 km²",10832 pessoas,"83,42 habitante por quilômetro quadrado"
Rubiácea,paulista,"2,1 salários mínimos","0,721","24710,59 R$","236,484 km²",2700 pessoas,"11,42 habitante por quilômetro quadrado"
Rubinéia,paulista,"2,3 salários mínimos","0,759","32233,41 R$","242,877 km²",3833 pessoas,"15,78 habitante por quilômetro quadrado"
Sabino,paulista,2 salários mínimos,"0,728","31123,73 R$","305,285 km²",5112 pessoas,"16,75 habitante por quilômetro quadrado"
Sagres,paulista,"1,8 salários mínimos","0,73","22566,69 R$","147,935 km²",2474 pessoas,"16,72 habitante por quilômetro quadrado"
Sales,paulista,2 salários mínimos,"0,751","26150,29 R$","308,555 km²",6437 pessoas,"20,86 habitante por quilômetro quadrado"
Sales Oliveira,paulista,"2,1 salários mínimos","0,772","34473,89 R$","305,776 km²",11411 pessoas,"37,32 habitante por quilômetro quadrado"
Salesópolis,paulista,"1,8 salários mínimos","0,732","14499,33 R$","424,997 km²",15202 pessoas,"35,77 habitante por quilômetro quadrado"
Salmourão,paulista,"1,9 salários mínimos","0,719","18037,04 R$","172,934 km²",4808 pessoas,"27,80 habitante por quilômetro quadrado"
Saltinho,paulista,"2,7 salários mínimos","0,791","44465,92 R$","99,738 km²",8161 pessoas,"81,82 habitante por quilômetro quadrado"
Salto,paulista,"2,8 salários mínimos","0,78","77029,01 R$","133,057 km²",134319 pessoas,"1009,48 habitante por quilômetro quadrado"
Salto de Pirapora,paulista,"2,8 salários mínimos","0,729","47995,61 R$","280,412 km²",43748 pessoas,"156,01 habitante por quilômetro quadrado"
Salto Grande,paulista,"2,3 salários mínimos","0,704","29155,3 R$","188,441 km²",9050 pessoas,"48,03 habitante por quilômetro quadrado"
Sandovalina,paulista,"1,8 salários mínimos","0,709","72374,52 R$","455,856 km²",3645 pessoas,"8,00 habitante por quilômetro quadrado"
Santa Adélia,paulista,"2,6 salários mínimos","0,76",24461 R$,"330,269 km²",14018 pessoas,"42,44 habitante por quilômetro quadrado"
Santa Albertina,paulista,"2,7 salários mínimos","0,728","35584,96 R$","272,692 km²",6393 pessoas,"23,44 habitante por quilômetro quadrado"
Santa Bárbara d'Oeste,paulista,"2,6 salários mínimos","0,781","40073,67 R$","271,030 km²",183347 pessoas,"676,48 habitante por quilômetro quadrado"
Santa Branca,paulista,2 salários mínimos,"0,735","20959,37 R$","272,238 km²",13975 pessoas,"51,33 habitante por quilômetro quadrado"
Santa Clara d'Oeste,paulista,"2,2 salários mínimos","0,733","45847,14 R$","183,458 km²",2598 pessoas,"14,16 habitante por quilômetro quadrado"
Santa Cruz da Conceição,paulista,"2,1 salários mínimos","0,79","35264,11 R$","150,130 km²",4277 pessoas,"28,49 habitante por quilômetro quadrado"
Santa Cruz da Esperança,paulista,2 salários mínimos,"0,743","29296,72 R$","148,062 km²",2116 pessoas,"14,29 habitante por quilômetro quadrado"
Santa Cruz das Palmeiras,paulista,"2,1 salários mínimos","0,728","18687,66 R$","295,337 km²",28864 pessoas,"97,73 habitante por quilômetro quadrado"
Santa Cruz do Rio Pardo,paulista,"2,4 salários mínimos","0,762","57811,23 R$","1114,747 km²",46442 pessoas,"41,66 habitante por quilômetro quadrado"
Santa Ernestina,paulista,"1,9 salários mínimos","0,738","18714,85 R$","134,421 km²",6118 pessoas,"45,51 habitante por quilômetro quadrado"
Santa Fé do Sul,paulista,"2,2 salários mínimos","0,784","41007,46 R$","206,537 km²",34794 pessoas,"168,46 habitante por quilômetro quadrado"
Santa Gertrudes,paulista,"3,4 salários mínimos","0,737","139885,74 R$","98,291 km²",23611 pessoas,"240,22 habitante por quilômetro quadrado"
Santa Isabel,paulista,"2,2 salários mínimos","0,738","28340,36 R$","363,332 km²",53174 pessoas,"146,35 habitante por quilômetro quadrado"
Santa Lúcia,paulista,2 salários mínimos,"0,737","14751,7 R$","153,860 km²",7149 pessoas,"46,46 habitante por quilômetro quadrado"
Santa Maria da Serra,paulista,"2,2 salários mínimos","0,686","24297,18 R$","252,621 km²",5243 pessoas,"20,75 habitante por quilômetro quadrado"
Santa Mercedes,paulista,"1,9 salários mínimos","0,739","23436,56 R$","166,753 km²",2956 pessoas,"17,73 habitante por quilômetro quadrado"
Santa Rita do Passa Quatro,paulista,"1,8 salários mínimos","0,775","29877,17 R$","754,141 km²",24833 pessoas,"32,93 habitante por quilômetro quadrado"
Santa Rita d'Oeste,paulista,"2,2 salários mínimos","0,761","27518,08 R$","209,800 km²",2733 pessoas,"13,03 habitante por quilômetro quadrado"
Santa Rosa de Viterbo,paulista,"2,5 salários mínimos","0,77","30914,1 R$","288,576 km²",23411 pessoas,"81,13 habitante por quilômetro quadrado"
Santa Salete,paulista,"2,2 salários mínimos","0,772","27025,83 R$","79,192 km²",1645 pessoas,"20,77 habitante por quilômetro quadrado"
Santana da Ponte Pensa,paulista,"2,3 salários mínimos","0,773","27564,35 R$","129,888 km²",1670 pessoas,"12,86 habitante por quilômetro quadrado"
Santana de Parnaíba,paulista,3 salários mínimos,"0,814","79579,96 R$","179,949 km²",154105 pessoas,"856,38 habitante por quilômetro quadrado"
Santo Anastácio,paulista,"2,2 salários mínimos","0,753","26650,73 R$","552,876 km²",17963 pessoas,"32,49 habitante por quilômetro quadrado"
Santo André,paulista,"2,8 salários mínimos","0,815","45062,56 R$","175,782 km²",748919 pessoas,"4260,50 habitante por quilômetro quadrado"
Santo Antônio da Alegria,paulista,"1,7 salários mínimos","0,702","30114,17 R$","310,311 km²",6775 pessoas,"21,83 habitante por quilômetro quadrado"
Santo Antônio de Posse,paulista,"2,9 salários mínimos","0,702","78794,3 R$","154,133 km²",23244 pessoas,"150,80 habitante por quilômetro quadrado"
Santo Antônio do Aracanguá,paulista,"2,4 salários mínimos","0,757","33916,19 R$","1308,432 km²",8379 pessoas,"6,40 habitante por quilômetro quadrado"
Santo Antônio do Jardim,paulista,"1,9 salários mínimos","0,714","37602,53 R$","109,956 km²",6126 pessoas,"55,71 habitante por quilômetro quadrado"
Santo Antônio do Pinhal,paulista,"1,8 salários mínimos","0,706","21690,65 R$","133,008 km²",7133 pessoas,"53,63 habitante por quilômetro quadrado"
Santo Expedito,paulista,"1,7 salários mínimos","0,732","14964,67 R$","94,465 km²",3000 pessoas,"31,76 habitante por quilômetro quadrado"
Santópolis do Aguapeí,paulista,"1,8 salários mínimos","0,74","16609,02 R$","128,026 km²",3899 pessoas,"30,45 habitante por quilômetro quadrado"
Santos,paulista,"3,1 salários mínimos","0,84","55508,46 R$","281,033 km²",418608 pessoas,"1489,53 habitante por quilômetro quadrado"
São Bento do Sapucaí,paulista,"2,4 salários mínimos","0,72","37283,14 R$","252,579 km²",11674 pessoas,"46,22 habitante por quilômetro quadrado"
São Bernardo do Campo,paulista,"3,6 salários mínimos","0,805","68571,36 R$","409,532 km²",810729 pessoas,"1979,65 habitante por quilômetro quadrado"
São Caetano do Sul,paulista,"3,2 salários mínimos","0,862","95640,71 R$","15,331 km²",165655 pessoas,"10805,23 habitante por quilômetro quadrado"
São Carlos,paulista,"3,2 salários mínimos","0,805","55044,88 R$","1136,907 km²",254857 pessoas,"224,17 habitante por quilômetro quadrado"
São Francisco,paulista,"2,4 salários mínimos","0,723","18189,76 R$","75,579 km²",2602 pessoas,"34,43 habitante por quilômetro quadrado"
São João da Boa Vista,paulista,"2,3 salários mínimos","0,797","44794,34 R$","516,399 km²",92547 pessoas,"179,22 habitante por quilômetro quadrado"
São João das Duas Pontes,paulista,"2,1 salários mínimos","0,72","20591,79 R$","129,462 km²",2580 pessoas,"19,93 habitante por quilômetro quadrado"
São João de Iracema,paulista,"2,5 salários mínimos","0,748","26507,78 R$","178,396 km²",1846 pessoas,"10,35 habitante por quilômetro quadrado"
São João do Pau d'Alho,paulista,"2,2 salários mínimos","0,75","27920,27 R$","117,665 km²",2242 pessoas,"19,05 habitante por quilômetro quadrado"
São Joaquim da Barra,paulista,"2,7 salários mínimos","0,762","41547,41 R$","410,863 km²",48558 pessoas,"118,19 habitante por quilômetro quadrado"
São José da Bela Vista,paulista,"1,9 salários mínimos","0,693","25749,88 R$","276,952 km²",7626 pessoas,"27,54 habitante por quilômetro quadrado"
São José do Barreiro,paulista,"2,1 salários mínimos","0,684","15297,56 R$","570,685 km²",3853 pessoas,"6,75 habitante por quilômetro quadrado"
São José do Rio Pardo,paulista,"2,1 salários mínimos","0,774","42952,13 R$","419,684 km²",52205 pessoas,"124,39 habitante por quilômetro quadrado"
São José do Rio Preto,paulista,"2,7 salários mínimos","0,797","44679,93 R$","431,944 km²",480393 pessoas,"1112,17 habitante por quilômetro quadrado"
São José dos Campos,paulista,"3,4 salários mínimos","0,807","61315,88 R$","1099,409 km²",697054 pessoas,"634,03 habitante por quilômetro quadrado"
São Lourenço da Serra,paulista,"1,3 salários mínimos","0,728","17697,76 R$","186,456 km²",16067 pessoas,"86,17 habitante por quilômetro quadrado"
São Luiz do Paraitinga,paulista,2 salários mínimos,"0,697","19098,4 R$","617,315 km²",10337 pessoas,"16,75 habitante por quilômetro quadrado"
São Manuel,paulista,"2,4 salários mínimos","0,744","32463,42 R$","650,734 km²",37289 pessoas,"57,30 habitante por quilômetro quadrado"
São Miguel Arcanjo,paulista,"1,9 salários mínimos","0,71","28853,83 R$","930,339 km²",32039 pessoas,"34,44 habitante por quilômetro quadrado"
São Paulo,paulista,"4,3 salários mínimos","0,805","66872,84 R$","1521,202 km²",11451999 pessoas,"7528,26 habitante por quilômetro quadrado"
São Pedro,paulista,2 salários mínimos,"0,755","24418,31 R$","611,278 km²",38256 pessoas,"62,58 habitante por quilômetro quadrado"
São Pedro do Turvo,paulista,2 salários mínimos,"0,703","30342,39 R$","731,221 km²",7217 pessoas,"9,87 habitante por quilômetro quadrado"
São Roque,paulista,"2,4 salários mínimos","0,768","37074,85 R$","306,908 km²",79484 pessoas,"258,98 habitante por quilômetro quadrado"
São Sebastião,paulista,3 salários mínimos,"0,772","174696,31 R$","402,395 km²",81595 pessoas,"202,77 habitante por quilômetro quadrado"
São Sebastião da Grama,paulista,2 salários mínimos,"0,701","35304,59 R$","252,410 km²",10441 pessoas,"41,37 habitante por quilômetro quadrado"
São Simão,paulista,"2,2 salários mínimos","0,766","32456,75 R$","617,252 km²",13442 pessoas,"21,78 habitante por quilômetro quadrado"
São Vicente,paulista,"2,5 salários mínimos","0,768","16506,51 R$","148,151 km²",329911 pessoas,"2226,86 habitante por quilômetro quadrado"
Sarapuí,paulista,"1,8 salários mínimos","0,707","19433,04 R$","352,592 km²",10369 pessoas,"29,41 habitante por quilômetro quadrado"
Sarutaiá,paulista,"1,6 salários mínimos","0,688","26651,32 R$","141,608 km²",3704 pessoas,"26,16 habitante por quilômetro quadrado"
Sebastianópolis do Sul,paulista,"3,5 salários mínimos","0,773","116133,14 R$","167,848 km²",3130 pessoas,"18,65 habitante por quilômetro quadrado"
Serra Azul,paulista,"2,1 salários mínimos","0,686","12785,98 R$","283,144 km²",12746 pessoas,"45,02 habitante por quilômetro quadrado"
Serra Negra,paulista,"1,8 salários mínimos","0,767","28485,03 R$","203,734 km²",29894 pessoas,"146,73 habitante por quilômetro quadrado"
Serrana,paulista,"2,9 salários mínimos","0,729","29221,73 R$","126,046 km²",43909 pessoas,"348,36 habitante por quilômetro quadrado"
Sertãozinho,paulista,3 salários mínimos,"0,761","55352,42 R$","403,089 km²",126887 pessoas,"314,79 habitante por quilômetro quadrado"
Sete Barras,paulista,2 salários mínimos,"0,673","29783,21 R$","1062,699 km²",12730 pessoas,"11,98 habitante por quilômetro quadrado"
Severínia,paulista,"2,3 salários mínimos","0,715","15258,78 R$","140,460 km²",14576 pessoas,"103,77 habitante por quilômetro quadrado"
Silveiras,paulista,2 salários mínimos,"0,678","14518,99 R$","414,782 km²",6186 pessoas,"14,91 habitante por quilômetro quadrado"
Socorro,paulista,2 salários mínimos,"0,729","26870,22 R$","449,029 km²",40122 pessoas,"89,35 habitante por quilômetro quadrado"
Sorocaba,paulista,3 salários mínimos,"0,798","64046,61 R$","449,872 km²",723682 pessoas,"1608,64 habitante por quilômetro quadrado"
Sud Mennucci,paulista,2 salários mínimos,"0,747","29307,88 R$","594,744 km²",7355 pessoas,"12,37 habitante por quilômetro quadrado"
Sumaré,paulista,"3,7 salários mínimos","0,762","55816,79 R$","153,465 km²",279545 pessoas,"1821,56 habitante por quilômetro quadrado"
Suzanápolis,paulista,"2,8 salários mínimos","0,699","84169,56 R$","330,587 km²",3408 pessoas,"10,31 habitante por quilômetro quadrado"
Suzano,paulista,"2,6 salários mínimos","0,765","48818,92 R$","206,236 km²",307429 pessoas,"1490,67 habitante por quilômetro quadrado"
Tabapuã,paulista,"1,8 salários mínimos","0,735","22859,37 R$","345,792 km²",11323 pessoas,"32,75 habitante por quilômetro quadrado"
Tabatinga,paulista,"1,7 salários mínimos","0,704","20278,99 R$","368,604 km²",14769 pessoas,"40,07 habitante por quilômetro quadrado"
Taboão da Serra,paulista,"2,6 salários mínimos","0,769","34588,58 R$","20,388 km²",273542 pessoas,"13416,81 habitante por quilômetro quadrado"
Taciba,paulista,"2,8 salários mínimos","0,723","29259,48 R$","607,267 km²",6260 pessoas,"10,31 habitante por quilômetro quadrado"
Taguaí,paulista,"1,3 salários mínimos","0,709","23824,33 R$","145,332 km²",12669 pessoas,"87,17 habitante por quilômetro quadrado"
Taiaçu,paulista,"2,1 salários mínimos","0,71","17319,16 R$","107,059 km²",5677 pessoas,"53,03 habitante por quilômetro quadrado"
Taiúva,paulista,2 salários mínimos,"0,76","25108,07 R$","132,459 km²",6548 pessoas,"49,43 habitante por quilômetro quadrado"
Tambaú,paulista,"2,2 salários mínimos","0,731","30119,07 R$","561,788 km²",21435 pessoas,"38,15 habitante por quilômetro quadrado"
Tanabi,paulista,"2,3 salários mínimos","0,748","50458,24 R$","747,218 km²",25265 pessoas,"33,81 habitante por quilômetro quadrado"
Tapiraí,paulista,"2,1 salários mínimos","0,681","23966,14 R$","755,100 km²",7996 pessoas,"10,59 habitante por quilômetro quadrado"
Tapiratiba,paulista,2 salários mínimos,"0,751","23275,49 R$","221,891 km²",11816 pessoas,"53,25 habitante por quilômetro quadrado"
Taquaral,paulista,2 salários mínimos,"0,759","16647,2 R$","53,892 km²",2619 pessoas,"48,60 habitante por quilômetro quadrado"
Taquaritinga,paulista,"2,1 salários mínimos","0,748","28846,24 R$","594,335 km²",52260 pessoas,"87,93 habitante por quilômetro quadrado"
Taquarituba,paulista,2 salários mínimos,"0,701","42424,52 R$","448,515 km²",24350 pessoas,"54,29 habitante por quilômetro quadrado"
Taquarivaí,paulista,2 salários mínimos,"0,679","61548,88 R$","231,792 km²",6876 pessoas,"29,66 habitante por quilômetro quadrado"
Tarabai,paulista,2 salários mínimos,"0,726","22125,16 R$","201,385 km²",6536 pessoas,"32,46 habitante por quilômetro quadrado"
Tarumã,paulista,"2,4 salários mínimos","0,753","58396,99 R$","302,913 km²",14882 pessoas,"49,13 habitante por quilômetro quadrado"
Tatuí,paulista,"2,3 salários mínimos","0,752","40892,85 R$","523,749 km²",123942 pessoas,"236,64 habitante por quilômetro quadrado"
Taubaté,paulista,3 salários mínimos,"0,8","50495,56 R$","625,003 km²",310739 pessoas,"497,18 habitante por quilômetro quadrado"
Tejupá,paulista,"1,7 salários mínimos","0,668","31023,44 R$","296,189 km²",4127 pessoas,"13,93 habitante por quilômetro quadrado"
Teodoro Sampaio,paulista,2 salários mínimos,"0,741","26801,81 R$","1555,803 km²",22173 pessoas,"14,25 habitante por quilômetro quadrado"
Terra Roxa,paulista,"1,8 salários mínimos","0,749","18410,36 R$","221,541 km²",7904 pessoas,"35,68 habitante por quilômetro quadrado"
Tietê,paulista,"2,4 salários mínimos","0,778","50258,52 R$","404,396 km²",37663 pessoas,"93,13 habitante por quilômetro quadrado"
Timburi,paulista,"2,3 salários mínimos","0,71","25047,71 R$","196,790 km²",2464 pessoas,"12,52 habitante por quilômetro quadrado"
Torre de Pedra,paulista,"2,1 salários mínimos","0,714","15524,93 R$","71,348 km²",2046 pessoas,"28,68 habitante por quilômetro quadrado"
Torrinha,paulista,2 salários mínimos,"0,744","28177,45 R$","315,267 km²",9335 pessoas,"29,61 habitante por quilômetro quadrado"
Trabiju,paulista,"3,1 salários mínimos","0,722",25639 R$,"63,421 km²",1682 pessoas,"26,52 habitante por quilômetro quadrado"
Tremembé,paulista,"2,4 salários mínimos","0,785","18591,56 R$","191,094 km²",51173 pessoas,"267,79 habitante por quilômetro quadrado"
Três Fronteiras,paulista,"2,3 salários mínimos","0,753","20839,4 R$","151,594 km²",6804 pessoas,"44,88 habitante por quilômetro quadrado"
Tuiuti,paulista,"1,7 salários mínimos","0,728","25756,65 R$","126,731 km²",6778 pessoas,"53,48 habitante por quilômetro quadrado"
Tupã,paulista,"2,1 salários mínimos","0,771","33732,18 R$","627,986 km²",63928 pessoas,"101,80 habitante por quilômetro quadrado"
Tupi Paulista,paulista,"1,8 salários mínimos","0,769","21720,31 R$","244,770 km²",15854 pessoas,"64,77 habitante por quilômetro quadrado"
Turiúba,paulista,"2,5 salários mínimos","0,751","27877,78 R$","153,235 km²",1818 pessoas,"11,86 habitante por quilômetro quadrado"
Turmalina,paulista,"2,2 salários mínimos","0,736","44206,07 R$","147,797 km²",1669 pessoas,"11,29 habitante por quilômetro quadrado"
Ubarana,paulista,"2,6 salários mínimos","0,7","32774,2 R$","209,861 km²",5365 pessoas,"25,56 habitante por quilômetro quadrado"
Ubatuba,paulista,"2,1 salários mínimos","0,751","29152,88 R$","708,105 km²",92981 pessoas,"131,31 habitante por quilômetro quadrado"
Ubirajara,paulista,2 salários mínimos,"0,727","23709,14 R$","282,179 km²",5132 pessoas,"18,19 habitante por quilômetro quadrado"
Uchoa,paulista,"2,1 salários mínimos","0,721","39430,92 R$","252,434 km²",10394 pessoas,"41,18 habitante por quilômetro quadrado"
União Paulista,paulista,"2,4 salários mínimos","0,749","30538,05 R$","79,056 km²",1603 pessoas,"20,28 habitante por quilômetro quadrado"
Urânia,paulista,"2,1 salários mínimos","0,746","31344,02 R$","209,262 km²",8833 pessoas,"42,21 habitante por quilômetro quadrado"
Uru,paulista,"2,1 salários mínimos","0,712","40623,52 R$","146,901 km²",1387 pessoas,"9,44 habitante por quilômetro quadrado"
Urupês,paulista,"2,1 salários mínimos","0,745","34609,7 R$","323,916 km²",13744 pessoas,"42,43 habitante por quilômetro quadrado"
Valentim Gentil,paulista,"1,8 salários mínimos","0,735","31863,26 R$","149,741 km²",14098 pessoas,"94,15 habitante por quilômetro quadrado"
Valinhos,paulista,"3,2 salários mínimos","0,819","59842,76 R$","148,538 km²",126373 pessoas,"850,78 habitante por quilômetro quadrado"
Valparaíso,paulista,"2,5 salários mínimos","0,725","45529,09 R$","857,661 km²",24241 pessoas,"28,26 habitante por quilômetro quadrado"
Vargem,paulista,"2,1 salários mínimos","0,699","14148,82 R$","142,595 km²",10512 pessoas,"73,72 habitante por quilômetro quadrado"
Vargem Grande do Sul,paulista,"2,1 salários mínimos","0,737","29684,07 R$","267,178 km²",40133 pessoas,"150,21 habitante por quilômetro quadrado"
Vargem Grande Paulista,paulista,"2,7 salários mínimos","0,77","53359,16 R$","42,489 km²",50415 pessoas,"1186,54 habitante por quilômetro quadrado"
Várzea Paulista,paulista,3 salários mínimos,"0,759","31913,34 R$","35,120 km²",115771 pessoas,"3296,44 habitante por quilômetro quadrado"
Vera Cruz,paulista,"2,4 salários mínimos","0,754","22231,9 R$","247,716 km²",10176 pessoas,"41,08 habitante por quilômetro quadrado"
Vinhedo,paulista,"3,2 salários mínimos","0,817","154054,53 R$","80,950 km²",76540 pessoas,"945,52 habitante por quilômetro quadrado"
Viradouro,paulista,"1,8 salários mínimos","0,739","23190,53 R$","217,726 km²",17414 pessoas,"79,98 habitante por quilômetro quadrado"
Vista Alegre do Alto,paulista,"2,9 salários mínimos","0,744","46388,5 R$","95,429 km²",8109 pessoas,"84,97 habitante por quilômetro quadrado"
Vitória Brasil,paulista,"2,2 salários mínimos","0,725","24394,51 R$","49,832 km²",1794 pessoas,"36,00 habitante por quilômetro quadrado"
Votorantim,paulista,"2,6 salários mínimos","0,767","31487,9 R$","184,186 km²",127923 pessoas,"694,53 habitante por quilômetro quadrado"
Votuporanga,paulista,"2,2 salários mínimos","0,79","40190,41 R$","420,703 km²",96634 pessoas,"229,70 habitante por quilômetro quadrado"
Zacarias,paulista,"2,5 salários mínimos","0,729","46763,19 R$","319,056 km²",2692 pessoas,"8,44 habitante por quilômetro quadrado"
